url,domain,company,date,first_seen,uuid,ip,country,asn,org,cert,malicious_google,malicious_openphish,malicious_phishtank,malicious_tweetfeed,malicious_urlscan
http://register-facebook.blogspot.com,register-facebook.blogspot.com,facebook,2026-07-11T13:30:03.887265+00:00,2026-03-27T01:01:47.301052+00:00,8a6eca16-d8b0-420e-ade6-6ee178c13c78,142.251.13.132,Germany,15169,Google LLC,WE2,false,true,false,false,false
https://office365.internal-alerts.com/i/d5b9af0d256f14c03ab8396a78d3687bf,office365.internal-alerts.com,microsoft,2026-07-11T13:30:03.887265+00:00,2026-03-28T01:01:37.247034+00:00,7e1b0fba-bc4d-475b-ba61-b7876519c68f,20.50.64.14,Ireland,8075,Microsoft Corporation,R13,false,true,false,false,true
https://amazonbookawards.com,amazonbookawards.com,amazon,2026-07-11T13:30:03.887265+00:00,2026-03-28T07:32:22.605092+00:00,c72a9648-33a9-4b66-bce4-b97b23a3aae3,167.71.241.128,United States,14061,"DigitalOcean, LLC",Let's Encrypt,false,false,false,false,true
http://support.m365-microsoft.com/i/ab041e84e499243eca3e98fb328201632,support.m365-microsoft.com,microsoft,2026-07-11T13:30:03.887265+00:00,2026-03-28T13:01:22.118172+00:00,4484f1cb-d3da-4757-83a3-5596fb6c36a2,20.50.64.14,Ireland,8075,Microsoft Corporation,R13,false,true,false,false,false
https://metamaskuks.vip,metamaskuks.vip,metamask,2026-07-11T13:30:03.887265+00:00,2026-03-29T15:04:09.449701+00:00,98ef019d-1ea8-4727-ac22-87f41e25f576,188.114.97.3,United States,13335,"Cloudflare, Inc.",Google Trust Services,false,false,false,false,true
https://security.email-microsoft.com/diyc_smavt1av3ltaq,security.email-microsoft.com,microsoft,2026-07-11T13:30:03.887265+00:00,2026-03-30T13:01:17.141787+00:00,6436eaa9-620c-4127-a8f7-04fd8fab6a30,212.104.128.1,Finland,13335,"Cloudflare, Inc.",WE1,true,true,false,false,true
http://facebook-page-verification.blogspot.com,facebook-page-verification.blogspot.com,facebook,2026-07-11T13:30:03.887265+00:00,2026-04-02T13:01:45.761576+00:00,1b08b3da-963c-40dd-abe6-a8933fab4e6b,142.251.110.132,United States,15169,Google LLC,WE2,false,true,false,false,false
http://login-facebook-facebook.blogspot.com,login-facebook-facebook.blogspot.com,facebook,2026-07-11T13:30:03.887265+00:00,2026-04-03T01:02:32.867922+00:00,b80bb03f-c63c-4b96-baa2-c2e1b16636da,142.251.14.132,Germany,15169,Google LLC,WE2,false,true,false,false,false
https://instagramchatsview999.blogspot.com,instagramchatsview999.blogspot.com,instagram,2026-07-11T13:30:03.887265+00:00,2026-04-03T13:02:09.440422+00:00,b4747511-2c0f-4eaa-a2c2-90b6b078de4a,142.251.13.132,Germany,15169,Google LLC,WE2,false,true,false,false,false
https://amazoncabinetz.atlazrtacabinets.com,amazoncabinetz.atlazrtacabinets.com,amazon,2026-07-11T13:30:03.887265+00:00,2026-04-05T08:58:11.155202+00:00,d991e63d-7c68-4b35-b1f6-99df0380fd98,92.113.16.71,Germany,47583,Hostinger International Limited,Let's Encrypt,false,false,false,false,true
https://mail.google.com.drive.pratham.vincacybertechltd.myshn.net,mail.google.com.drive.pratham.vincacybertechltd.myshn.net,google,2026-07-11T13:30:03.887265+00:00,2026-04-06T00:17:28.103310+00:00,e0fc0d6a-30eb-44e5-95e7-c9de5f1c71a2,3.232.92.128,United States,14618,"Amazon.com, Inc.",GlobalSign nv-sa,false,false,false,false,true
https://appengine.google.com.drive.pratham.vincacybertechltd.myshn.net,appengine.google.com.drive.pratham.vincacybertechltd.myshn.net,google,2026-07-11T13:30:03.887265+00:00,2026-04-06T00:19:10.923732+00:00,ce027a28-bd07-4893-824d-8748649c05f7,3.232.92.128,United States,14618,"Amazon.com, Inc.",GlobalSign nv-sa,false,false,false,false,true
https://sites.google.com.drive.pratham.vincacybertechltd.myshn.net,sites.google.com.drive.pratham.vincacybertechltd.myshn.net,google,2026-07-11T13:30:03.887265+00:00,2026-04-06T00:19:47.234803+00:00,32d0540f-7b1d-443b-b729-3e572b09ec46,54.90.17.242,United States,14618,"Amazon.com, Inc.",GlobalSign nv-sa,false,false,false,false,true
https://accounts.google.com.drive.pratham.vincacybertechltd.myshn.net,accounts.google.com.drive.pratham.vincacybertechltd.myshn.net,google,2026-07-11T13:30:03.887265+00:00,2026-04-06T00:20:41.109824+00:00,f7b4dc38-01a4-43bd-9eb3-c05a5643d9b4,54.90.17.242,United States,14618,"Amazon.com, Inc.",GlobalSign nv-sa,false,false,false,false,true
https://docs.google.com.drive.pratham.vincacybertechltd.myshn.net,docs.google.com.drive.pratham.vincacybertechltd.myshn.net,google,2026-07-11T13:30:03.887265+00:00,2026-04-06T00:21:19.921840+00:00,ddb5da5a-d8ba-4020-acce-d1768d092ea9,3.232.92.128,United States,14618,"Amazon.com, Inc.",GlobalSign nv-sa,false,false,false,false,true
https://google28.m4ntapaset.ink,google28.m4ntapaset.ink,google,2026-07-11T13:30:03.887265+00:00,2026-04-06T19:16:59.284354+00:00,49b95987-c97d-42f3-9934-eac843863e8e,172.67.207.217,United States,13335,"Cloudflare, Inc.",Google Trust Services,false,false,false,false,true
https://netflix.gafiatechnologies.com,netflix.gafiatechnologies.com,netflix,2026-07-11T13:30:03.887265+00:00,2026-04-07T08:06:51.696380+00:00,a160a3d1-c6c6-4f43-8bad-85b3c9cabaf4,38.242.149.154,France,51167,Contabo GmbH,Let's Encrypt,false,false,false,false,true
https://krakencommand.halseyburgund.com,krakencommand.halseyburgund.com,kraken,2026-07-11T13:30:03.887265+00:00,2026-04-08T11:31:36.418995+00:00,ad75abc0-28a7-4791-9171-7cc1ef5ff0ba,138.68.168.96,United Kingdom,14061,"DigitalOcean, LLC",Let's Encrypt,false,false,false,false,true
https://netflix.vpnuse.eu.org,netflix.vpnuse.eu.org,netflix,2026-07-11T13:30:03.887265+00:00,2026-04-08T16:57:32.113769+00:00,2ebcd388-fb85-408d-8bca-f8a462d22450,68.211.112.84,Chile,8075,Microsoft Corporation,Let's Encrypt,false,false,false,false,true
https://facebooksales.miniwebpagedesign.com,facebooksales.miniwebpagedesign.com,facebook,2026-07-11T13:30:03.887265+00:00,2026-04-08T22:58:46.879087+00:00,211fd670-adea-4f40-b0d5-040c6602e4b2,209.142.64.23,United States,40476,Scala Hosting LLC,Let's Encrypt,false,false,false,false,true
https://outlook36validar.webcindario.com,outlook36validar.webcindario.com,microsoft,2026-07-11T13:30:03.887265+00:00,2026-04-09T00:00:44.060460+00:00,e22d9703-9b52-45c5-8ca8-d00be8acff12,5.57.226.202,Spain,29119,AIRE NETWORKS DEL MEDITERRANEO SL UNIPERSONAL,R13,false,false,true,false,true
https://netflixrimborso.com,netflixrimborso.com,netflix,2026-07-11T13:30:03.887265+00:00,2026-04-09T04:47:46.572908+00:00,9aedddea-2eb9-4a9c-aacb-8e1da5c2d31f,62.149.189.54,Italy,31034,Aruba S.p.A.,Actalis S.p.A.,false,false,false,false,true
https://google32.m4ntapaset.ink,google32.m4ntapaset.ink,google,2026-07-11T13:30:03.887265+00:00,2026-04-09T10:48:53.567518+00:00,44db2d27-f552-4451-ba9a-eac868a76b2e,104.21.22.238,United States,13335,"Cloudflare, Inc.",Google Trust Services,false,false,false,false,true
https://www-google.cn,www-google.cn,google,2026-07-11T13:30:03.887265+00:00,2026-04-10T13:00:48.631011+00:00,7a8456b0-f824-4119-b55b-66853add26e0,8.212.18.107,Hong Kong,45102,"Alibaba (US) Technology Co., Ltd.","TrustAsia Technologies, Inc.",false,false,false,false,true
https://metamaskrewards.com,metamaskrewards.com,metamask,2026-07-11T13:30:03.887265+00:00,2026-04-11T23:42:20.682719+00:00,797a38d3-6cf2-4702-8a8a-8bf6d02e4274,52.40.42.113,United States,16509,"Amazon.com, Inc.",Let's Encrypt,false,false,false,false,true
https://google29.m4ntapaset.ink,google29.m4ntapaset.ink,google,2026-07-11T13:30:03.887265+00:00,2026-04-12T06:13:52.736868+00:00,c4ce9464-81df-4160-be3b-fc295b05b1ab,172.67.207.217,United States,13335,"Cloudflare, Inc.",Google Trust Services,false,false,false,false,true
https://binance-zh.com,binance-zh.com,binance,2026-07-11T13:30:03.887265+00:00,2026-04-13T09:00:38.292097+00:00,6a001a2c-de3a-4ac9-b758-47f5cb32e805,188.114.97.3,United States,13335,"Cloudflare, Inc.",WE1,false,false,true,false,false
https://googlepartners.net,googlepartners.net,google,2026-07-11T13:30:03.887265+00:00,2026-04-14T17:31:32.270817+00:00,0e63d647-c1a8-4989-aeb9-9e9d6dee5118,188.114.96.3,United States,13335,"Cloudflare, Inc.",Let's Encrypt,false,false,false,false,true
https://www2-facebook.com,www2-facebook.com,facebook,2026-07-11T13:30:03.887265+00:00,2026-04-14T19:15:44.694175+00:00,d4e38cf6-76dd-44c4-9fb3-6cab6f74e8b2,64.191.166.205,United States,35985,"One Ring Networks, Inc.",Let's Encrypt,false,false,false,false,true
http://facebooktechnicalsupportnumber123.blogspot.com,facebooktechnicalsupportnumber123.blogspot.com,facebook,2026-07-11T13:30:03.887265+00:00,2026-04-15T01:01:26.122382+00:00,75c26e14-e3a1-4e6b-82a4-e3f06369532a,142.251.209.225,The Netherlands,15169,Google LLC,WR2,false,true,false,false,true
http://facebook-faq.se,facebook-faq.se,facebook,2026-07-11T13:30:03.887265+00:00,2026-04-15T01:01:38.318410+00:00,68ac2d26-7bbd-412d-80d1-89c400bcd7db,81.170.159.187,Sweden,8473,Bahnhof AB,R12,false,true,false,false,false
http://metamaskwallett.blogspot.com,metamaskwallett.blogspot.com,metamask,2026-07-11T13:30:03.887265+00:00,2026-04-15T13:05:01.467071+00:00,4ddb55e0-5e97-444b-b0e5-575de9079e2c,142.250.180.1,The Netherlands,15169,Google LLC,WR2,false,true,false,false,false
https://santandervyg.transcom-fs.com,santandervyg.transcom-fs.com,santander,2026-07-11T13:30:03.887265+00:00,2026-04-15T13:05:12.451440+00:00,b416169e-e7dd-4421-b973-4b76985635dd,77.240.112.12,Spain,16371,acens AS,R12,false,false,true,false,false
http://barcelona-facebook.blogspot.com,barcelona-facebook.blogspot.com,facebook,2026-07-11T13:30:03.887265+00:00,2026-04-15T13:05:36.970886+00:00,2a0d0cb6-bf4b-4f09-a2f1-1f7dcd5a4884,142.251.209.225,The Netherlands,15169,Google LLC,WR2,false,true,false,false,false
https://dropbox-online.at,dropbox-online.at,dropbox,2026-07-11T13:30:03.887265+00:00,2026-04-16T03:19:07.178862+00:00,0e472d44-44a7-46e4-ab06-c2005153428a,64.238.34.20,Germany,29802,"HIVELOCITY, Inc.",Let's Encrypt,false,false,false,false,true
http://ebay-c.com,ebay-c.com,ebay,2026-07-11T13:30:03.887265+00:00,2026-04-16T13:01:45.178535+00:00,46fcc1c9-49e1-46ae-af54-71930f91f2d4,43.131.31.67,Germany,132203,"Tencent Building, Kejizhongyi Avenue",DNSPod DV TLS RSA CA G1,false,true,false,false,true
http://usps-wa-dev-gedsgvf9gad3g5bp.eastus-01.azurewebsites.net,usps-wa-dev-gedsgvf9gad3g5bp.eastus-01.azurewebsites.net,usps,2026-07-11T13:30:03.887265+00:00,2026-04-16T13:02:13.654571+00:00,c3eb517d-8568-4e0b-a259-9c9793052a5d,20.119.0.36,United States,8075,Microsoft Corporation,Microsoft Azure RSA TLS Issuing CA 03,false,true,false,false,true
http://login-facebookaccount.blogspot.com,login-facebookaccount.blogspot.com,facebook,2026-07-11T13:30:03.887265+00:00,2026-04-16T13:02:26.802312+00:00,0333b97b-a734-490f-ae64-ef5f044e774c,172.217.23.225,The Netherlands,15169,Google LLC,WR2,false,true,false,false,true
https://login.steampowered.com.ru,login.steampowered.com.ru,steam,2026-07-11T13:30:03.887265+00:00,2026-04-17T01:01:13.638509+00:00,c286f147-1ba0-45eb-af2a-0c5832ba1288,188.114.97.3,United States,13335,"Cloudflare, Inc.",E7,false,true,false,false,true
https://wwww-linkedin.be,wwww-linkedin.be,linkedin,2026-07-11T13:30:03.887265+00:00,2026-04-19T05:13:05.615710+00:00,a65acfa6-028d-460a-a0ed-40999c638a76,64.238.34.20,Germany,29802,"HIVELOCITY, Inc.",Let's Encrypt,false,false,false,false,true
http://reactivar-microsoft-live.iceiy.com,reactivar-microsoft-live.iceiy.com,microsoft,2026-07-11T13:30:03.887265+00:00,2026-04-20T01:01:08.683753+00:00,eb4c633a-da19-40fb-a686-744a9b51c8e9,185.27.134.131,United Kingdom,34119,Wildcard UK Limited,ZeroSSL ECC Domain Secure Site CA,false,true,false,false,false
http://instagramusicabrasilinstagram.blogspot.com,instagramusicabrasilinstagram.blogspot.com,instagram,2026-07-11T13:30:03.887265+00:00,2026-04-20T13:01:03.123423+00:00,b4a247ca-c7f4-4d3c-9e86-c4d3c7134c3e,142.250.180.1,The Netherlands,15169,Google LLC,WR2,false,true,false,false,false
https://hotmail.com.es,hotmail.com.es,microsoft,2026-07-11T13:30:03.887265+00:00,2026-04-20T23:54:44.368374+00:00,11b486a8-9475-42e3-b36b-ff2ba159e7ea,104.21.2.247,United States,13335,"Cloudflare, Inc.",Let's Encrypt,false,false,false,false,true
https://metamaskcasino.de.com,metamaskcasino.de.com,metamask,2026-07-11T13:30:03.887265+00:00,2026-04-21T08:01:36.437631+00:00,7c89960e-42f8-4ffa-a9b3-df06b8ebd969,104.21.37.8,United States,13335,"Cloudflare, Inc.",Let's Encrypt,false,false,false,false,true
https://amazonuk.vip,amazonuk.vip,amazon,2026-07-11T13:30:03.887265+00:00,2026-04-22T08:55:11.834949+00:00,76b6df45-59d3-4408-9210-da8c357ec729,8.208.114.228,United Kingdom,45102,"Alibaba (US) Technology Co., Ltd.",Let's Encrypt,false,false,false,false,true
https://instagram-analytics.blogspot.com,instagram-analytics.blogspot.com,instagram,2026-07-11T13:30:03.887265+00:00,2026-04-24T13:03:07.352032+00:00,32e0de89-7d72-48cf-82a3-4a7758a839ac,172.217.17.193,The Netherlands,15169,Google LLC,WR2,false,true,false,false,false
https://cn-hsbc.foryour.review,cn-hsbc.foryour.review,hsbc,2026-07-11T13:30:03.887265+00:00,2026-04-26T13:00:40.824084+00:00,62f33f52-975e-4787-a209-16a935e7a3db,3.167.227.67,Germany,16509,"Amazon.com, Inc.",Amazon RSA 2048 M01,true,true,false,false,false
https://metamaskchromeextensionn.blogspot.com,metamaskchromeextensionn.blogspot.com,metamask,2026-07-11T13:30:03.887265+00:00,2026-04-27T01:00:52.539943+00:00,c16ea253-83ee-43f3-b8e6-ec7deed57e9e,142.251.13.132,Germany,15169,Google LLC,WE2,false,true,false,false,false
https://amazon.sabahealthclinic.com,amazon.sabahealthclinic.com,amazon,2026-07-11T13:30:03.887265+00:00,2026-04-27T01:01:02.114987+00:00,d584bad4-0184-4522-b6f0-83dd7b480616,92.113.23.95,Germany,47583,Hostinger International Limited,R13,false,true,false,false,false
https://netflix.surf,netflix.surf,netflix,2026-07-11T13:30:03.887265+00:00,2026-04-27T17:28:14.071621+00:00,9bc927e8-5168-4d9d-9b7b-6039503f3dad,172.67.216.98,United States,13335,"Cloudflare, Inc.",Let's Encrypt,false,false,false,false,true
http://kraken.rs,kraken.rs,kraken,2026-07-11T13:30:03.887265+00:00,2026-04-29T01:04:05.647395+00:00,6b396236-01b8-43b3-9fd0-c452a5e2d643,188.114.97.3,United States,13335,"Cloudflare, Inc.",WE1,false,true,false,false,false
https://mirror-google.com,mirror-google.com,google,2026-07-11T13:30:03.887265+00:00,2026-04-29T04:57:15.741156+00:00,8accba84-7f36-4d6d-9da6-bec85059ca03,188.114.96.3,United States,13335,"Cloudflare, Inc.",Google Trust Services,false,false,false,false,true
https://netflixquebec.blogspot.com,netflixquebec.blogspot.com,netflix,2026-07-11T13:30:03.887265+00:00,2026-04-29T13:00:56.897920+00:00,077cb309-7161-4cbc-bf56-455efb9c7b03,142.251.20.132,Germany,15169,Google LLC,WE2,false,true,false,false,false
https://trustwalletsupport.dev,trustwalletsupport.dev,trustwallet,2026-07-11T13:30:03.887265+00:00,2026-04-30T01:01:21.553964+00:00,57b747ea-d78d-4f32-8c5f-1d5579eefa34,216.198.79.1,United States,16509,"Amazon.com, Inc.",R13,false,true,false,false,false
https://googlelogos.com,googlelogos.com,google,2026-07-11T13:30:03.887265+00:00,2026-04-30T21:44:28.355777+00:00,7d7a9fb0-4cad-4f9d-a54a-28881c88321b,172.67.135.233,United States,13335,"Cloudflare, Inc.",Google Trust Services,false,false,false,false,true
http://paypal-logiin.blogspot.com/2021/02?m=1,paypal-logiin.blogspot.com,paypal,2026-07-11T13:30:03.887265+00:00,2026-05-01T01:01:07.014117+00:00,6e1c5536-f5b2-4416-93be-43b00952d7fd,142.251.127.132,Germany,15169,Google LLC,WE2,false,true,false,false,false
https://hot-binance.com.cn,hot-binance.com.cn,binance,2026-07-11T13:30:03.887265+00:00,2026-05-01T03:28:24.225040+00:00,2ee88ac9-fa57-425d-9a65-e8a82e947d0c,101.32.10.247,Hong Kong,132203,"Tencent Building, Kejizhongyi Avenue",Let's Encrypt,false,false,false,false,true
https://facebooktotranscript.com,facebooktotranscript.com,facebook,2026-07-11T13:30:03.887265+00:00,2026-05-01T09:49:31.583824+00:00,e721ebaa-595f-4e39-a0bf-4bf3026fbc9f,18.245.46.28,Germany,16509,"Amazon.com, Inc.",Amazon,false,false,false,false,true
https://zelleria.shop,zelleria.shop,zelle,2026-07-11T13:30:03.887265+00:00,2026-05-01T21:31:38.164545+00:00,61a4fa9e-c2b5-4dd1-904f-6e93a11a77f1,104.18.17.16,United States,13335,"Cloudflare, Inc.",Google Trust Services,false,false,false,false,true
https://account-steam.com,account-steam.com,steam,2026-07-11T13:30:03.887265+00:00,2026-05-01T22:48:54.513602+00:00,370d4fee-f300-4313-8897-8e3633213b03,188.114.97.3,United States,13335,"Cloudflare, Inc.",Let's Encrypt,false,false,false,false,true
http://ebay-v.com,ebay-v.com,ebay,2026-07-11T13:30:03.887265+00:00,2026-05-04T01:01:08.879884+00:00,6719366b-8843-4683-b3a9-8e0b6a8ad76d,43.131.31.67,Germany,132203,"Tencent Building, Kejizhongyi Avenue",-,true,true,false,false,false
https://outlook.webaccess-alert.com/s/63bzgfsvbwsfcdx7y9/584dd8/90eab167-7429-489f-99f6-ce86e8d0d81a,outlook.webaccess-alert.com,microsoft,2026-07-11T13:30:03.887265+00:00,2026-05-05T13:02:59.796151+00:00,d15fc3b0-a9e7-4d75-bab2-2649389605c1,52.204.246.179,United States,14618,"Amazon.com, Inc.",R13,false,true,false,false,true
https://amazonwebservices.security-unauthorised-request.com/login/l93nak77hm0_r6ppbx8g9zxxu0vwupf24vue=9ca==2u19tsf1cbv5dvvtc/z2ghhgjw_iva-nxbi24f-et2uuioi1hs,amazonwebservices.security-unauthorised-request.com,amazon,2026-07-11T13:30:03.887265+00:00,2026-05-06T01:01:57.525955+00:00,50a4b4c5-c674-49fb-89c3-a703e5d4fe02,3.174.46.41,Germany,16509,"Amazon.com, Inc.",Amazon RSA 2048 M02,false,true,false,false,true
https://eur.revolutionrvrc.com,eur.revolutionrvrc.com,revolut,2026-07-11T13:30:03.887265+00:00,2026-05-06T09:30:53.863779+00:00,f07c67ce-27ea-43ff-a822-956ef0521203,104.21.38.42,United States,13335,"Cloudflare, Inc.",Google Trust Services,false,false,false,false,true
https://instagram-login-user.blogspot.com,instagram-login-user.blogspot.com,instagram,2026-07-11T13:30:03.887265+00:00,2026-05-06T13:03:34.109043+00:00,c6a7381e-f34b-4c06-82f7-f5e544fb63c4,142.251.110.132,Germany,15169,Google LLC,WE2,false,true,false,false,false
https://dropbox-not.com,dropbox-not.com,dropbox,2026-07-11T13:30:03.887265+00:00,2026-05-10T02:37:52.244806+00:00,6489d9a0-15e1-4454-9bfe-4afa087d2ef9,64.191.166.201,United States,35985,"One Ring Networks, Inc.",Let's Encrypt,false,false,false,false,true
https://facebook6688.cn,facebook6688.cn,facebook,2026-07-11T13:30:03.887265+00:00,2026-05-10T03:52:37.325912+00:00,57172f09-6761-4b42-ba9a-ce7e976826da,104.244.76.48,Switzerland,53667,FranTech Solutions,SSL Corporation,false,false,false,false,true
https://microsoft-se.us,microsoft-se.us,microsoft,2026-07-11T13:30:03.887265+00:00,2026-05-10T09:44:25.326722+00:00,30c841f6-3b6b-454c-a357-beb8a4f0538d,64.191.166.205,United States,35985,"One Ring Networks, Inc.",Let's Encrypt,false,false,false,false,true
https://facebookpagemanagement.com,facebookpagemanagement.com,facebook,2026-07-11T13:30:03.887265+00:00,2026-05-10T18:26:51.444024+00:00,7b43c3f0-cd50-41d8-a527-ce2f2bd49999,172.67.176.81,United States,13335,"Cloudflare, Inc.",Let's Encrypt,false,false,false,false,true
https://hsbc.dev,hsbc.dev,hsbc,2026-07-11T13:30:03.887265+00:00,2026-05-10T19:21:43.580076+00:00,c9fb55c3-5023-4688-bf63-49db5cbc9bca,104.21.36.32,United States,13335,"Cloudflare, Inc.",Google Trust Services,false,false,false,false,true
https://netflixtornedo.in,netflixtornedo.in,netflix,2026-07-11T13:30:03.887265+00:00,2026-05-11T23:23:52.134482+00:00,74fc70cf-2c27-4a21-9c84-14cf0aa8c373,216.239.38.21,United States,15169,Google LLC,Google Trust Services,false,false,false,false,true
http://microsoftquarantine.authorised-support.com/login/review/wjy99urjpywk6fvppin_vx51xfx1jt7x1ueq=7bg==/qvl0fnmnyahdj2smoxwxeggfe1toi_hb,microsoftquarantine.authorised-support.com,microsoft,2026-07-11T13:30:03.887265+00:00,2026-05-12T01:01:16.302445+00:00,ddad91ca-ca75-4e97-9ca2-355d984b3014,3.174.46.92,Germany,16509,"Amazon.com, Inc.",Amazon RSA 2048 M02,true,true,false,false,true
https://admin.santandercitas.com,admin.santandercitas.com,santander,2026-07-11T13:30:03.887265+00:00,2026-05-12T10:55:45.063278+00:00,5598e82b-8927-43fb-820b-74166b4d8b30,216.150.16.129,United States,16509,"Amazon.com, Inc.",Let's Encrypt,false,false,false,false,true
https://facebook-facebook45sr.blogspot.com/2018/02,facebook-facebook45sr.blogspot.com,facebook,2026-07-11T13:30:03.887265+00:00,2026-05-13T01:01:06.933093+00:00,4b0c0da4-8b6a-4710-8c34-b341b903abac,142.251.127.132,Germany,15169,Google LLC,WE2,false,true,false,false,true
https://metamaskcasino.de,metamaskcasino.de,metamask,2026-07-11T13:30:03.887265+00:00,2026-05-13T09:07:54.279314+00:00,32d09389-a6b6-4b7d-a623-fdff85b87450,104.21.1.10,United States,13335,"Cloudflare, Inc.",Google Trust Services,false,false,false,false,true
https://microsoft.account.trustedentity.com/http/microsoft.authorised-support.com/new-account/eozafbyj1bjlmgufsilkjjr9kpvsy5kc3uky=3ag==5wfxwr1pgwlnballaulxbakjcqv1qrvrgrkjar1e=/6xx5kg1mkrnjeu3rsnc8diftm7r4v1de,microsoft.account.trustedentity.com,microsoft,2026-07-11T13:30:03.887265+00:00,2026-05-13T13:05:07.052999+00:00,73b4c145-55d6-4fa2-a656-04693699e177,3.174.46.79,Germany,16509,"Amazon.com, Inc.",-,true,true,false,false,true
https://coinbasereviewaustralia.com,coinbasereviewaustralia.com,coinbase,2026-07-11T13:30:03.887265+00:00,2026-05-14T08:00:49.842391+00:00,be5b3283-5324-463f-a76d-d117caa0a3f1,188.114.96.3,United States,13335,"Cloudflare, Inc.",Let's Encrypt,false,false,false,false,true
http://paypal.cardpaysecurity.org/login/tfkxscsmt_48_qyabrl9ii9hgjwliow24vue=0aq==/kjken0okg_psackvuioa_hbsebtjbuf6,paypal.cardpaysecurity.org,paypal,2026-07-11T13:30:03.887265+00:00,2026-05-14T13:07:27.264947+00:00,578d09ef-0b0a-4a07-abe3-0407b2875c6e,3.174.46.121,Germany,16509,"Amazon.com, Inc.",Amazon RSA 2048 M02,true,true,false,false,true
https://netflixvoid.org,netflixvoid.org,netflix,2026-07-11T13:30:03.887265+00:00,2026-05-14T21:20:02.076343+00:00,312894ae-59b1-47fb-aad4-a563b4f71f0d,188.114.97.3,United States,13335,"Cloudflare, Inc.",Let's Encrypt,false,false,false,false,true
https://ch-google.cc,ch-google.cc,google,2026-07-11T13:30:03.887265+00:00,2026-05-15T12:28:28.730730+00:00,fe4d9962-ca12-4441-a826-73e9d6685428,8.212.18.107,Hong Kong,45102,"Alibaba (US) Technology Co., Ltd.","TrustAsia Technologies, Inc.",false,false,false,false,true
https://microsoft.authorised-support.com/new-account/eozafbyj1bjlmgufsilkjjr9kpvsy5kc3uky=3ag==8vvfbsldlv15mz1rxx1fwz09rtfbnsflls09xslw=/6xx5kg1mkrnjeu3rsnc8diftm7r4v1de,microsoft.authorised-support.com,microsoft,2026-07-11T13:30:03.887265+00:00,2026-05-15T13:01:41.348921+00:00,35cf8842-624d-4ec3-9c77-8fc11370fa98,3.174.46.79,Germany,16509,"Amazon.com, Inc.",Amazon RSA 2048 M02,true,true,false,false,true
https://netflixandchiffres.com,netflixandchiffres.com,netflix,2026-07-11T13:30:03.887265+00:00,2026-05-18T20:16:35.057153+00:00,6bef9e46-76a5-429d-a18f-73179ea7462e,104.16.243.55,United States,13335,"Cloudflare, Inc.",Google Trust Services,false,false,false,false,true
https://netflixportal.com/l/eyjzijoiy2i0zwe1yzitzda4ny00odfmlwjhy2utogvlnjqzodaynteziiwizsi6ijk1zgqxogm3ltmzytgtngq1yy05nje3lwiwnzqznzcxmgy4osisinnjijoxmdysinqiojg3fq.c1slpgyultwk7conqbksi9oz5z7bfbiw9i2ptvdmdty,netflixportal.com,netflix,2026-07-11T13:30:03.887265+00:00,2026-05-19T13:01:43.214098+00:00,0f7970a5-d28b-4d37-b3c1-e576cd125ab0,150.171.109.101,United States,8075,Microsoft Corporation,GeoTrust TLS RSA CA G1,false,true,false,false,true
http://netflix555-login.com,netflix555-login.com,netflix,2026-07-11T13:30:03.887265+00:00,2026-05-20T01:02:54.221566+00:00,ed3c1cf4-d1d2-4928-869f-63280ac65643,188.114.97.3,United States,13335,"Cloudflare, Inc.",E7,false,true,false,false,true
https://binanceaa.com,binanceaa.com,binance,2026-07-11T13:30:03.887265+00:00,2026-05-20T21:10:29.952868+00:00,7d576ea9-ddd4-4ee0-856b-87a6d5edc67f,156.254.5.40,Malaysia,154376,Cloudvalley Sdn. Bhd.,Let's Encrypt,false,false,false,false,true
https://binanceii.com,binanceii.com,binance,2026-07-11T13:30:03.887265+00:00,2026-05-20T21:10:59.758397+00:00,0d8aeff8-712a-448f-af11-bb2b3b7669e9,156.254.5.40,Malaysia,154376,Cloudvalley Sdn. Bhd.,Let's Encrypt,false,false,false,false,true
https://binancenn.com,binancenn.com,binance,2026-07-11T13:30:03.887265+00:00,2026-05-20T21:11:30.740549+00:00,a370eb2c-a522-4ed2-920e-a86bb1afc60b,156.254.5.40,Malaysia,154376,Cloudvalley Sdn. Bhd.,Let's Encrypt,false,false,false,false,true
https://binance-guanwang.com.cn,binance-guanwang.com.cn,binance,2026-07-11T13:30:03.887265+00:00,2026-05-22T01:01:44.056898+00:00,bf70f29c-f481-45dc-a16a-780f69ff587c,104.21.28.33,United States,13335,"Cloudflare, Inc.",E8,false,true,false,false,true
https://helpscontact-coinbase.com,helpscontact-coinbase.com,coinbase,2026-07-11T13:30:03.887265+00:00,2026-05-22T02:36:07.822928+00:00,081c2f19-8fbc-4f3c-85b8-fe306b0a4a26,198.49.23.144,United States,53831,"Squarespace, Inc.",Let's Encrypt,false,false,false,false,true
https://hsbcpress.com,hsbcpress.com,hsbc,2026-07-11T13:30:03.887265+00:00,2026-05-24T16:25:41.559446+00:00,15ac3363-2d93-423e-b5a6-063f1069c490,158.106.138.95,United States,63410,PrivateSystems Networks,Let's Encrypt,false,false,false,false,true
https://santanderabogados.co,santanderabogados.co,santander,2026-07-11T13:30:03.887265+00:00,2026-05-25T20:33:12.759939+00:00,764fa882-e473-4022-80ff-d4ba63e21198,104.21.62.134,United States,13335,"Cloudflare, Inc.",Let's Encrypt,false,false,false,false,true
https://business-dropbox.me,business-dropbox.me,dropbox,2026-07-11T13:30:03.887265+00:00,2026-05-26T06:44:34.857580+00:00,12a13552-7405-46e2-a392-8cb82f667d58,64.191.166.198,United States,35985,"One Ring Networks, Inc.",Let's Encrypt,false,false,false,false,true
https://dropboxbiz.com,dropboxbiz.com,dropbox,2026-07-11T13:30:03.887265+00:00,2026-05-26T08:35:15.268275+00:00,55ab06a2-304f-4984-a73d-911575c56f2c,64.191.166.198,United States,35985,"One Ring Networks, Inc.",Let's Encrypt,false,false,false,false,true
http://reactivar-microsoft-365.iceiy.com,reactivar-microsoft-365.iceiy.com,microsoft,2026-07-11T13:30:03.887265+00:00,2026-05-27T13:00:59.034390+00:00,b16c568b-2c12-44b8-afda-fd075dd9a2c1,185.27.134.202,United Kingdom,34119,Wildcard UK Limited,ZeroSSL ECC Domain Secure Site CA,false,true,false,false,true
https://176541.am.coinbase.com.lc,176541.am.coinbase.com.lc,coinbase,2026-07-11T13:30:03.887265+00:00,2026-05-28T05:22:29.791894+00:00,036c9b4c-898f-4979-b02e-337ebb7b91a7,172.239.194.103,United States,63949,Akamai Connected Cloud,Let's Encrypt,false,false,false,false,true
https://help--coinbase.com,help--coinbase.com,coinbase,2026-07-11T13:30:03.887265+00:00,2026-05-29T03:08:02.871780+00:00,94604d10-2906-488f-b62d-c14dd38d839f,198.49.23.145,United States,53831,"Squarespace, Inc.",Let's Encrypt,false,false,false,false,true
https://georgetownmover.com/www.linkedin.com/index.html,georgetownmover.com,linkedin,2026-07-11T13:30:03.887265+00:00,2026-05-29T09:00:27.397402+00:00,6ca29977-08b5-4b91-ba42-cfb6a2a38580,104.247.108.91,United States,399883,CodeforHost Inc,ZeroSSL RSA Domain Secure Site CA,true,false,true,false,true
https://helped-contact-coinbase.com,helped-contact-coinbase.com,coinbase,2026-07-11T13:30:03.887265+00:00,2026-05-29T18:17:04.515508+00:00,6ee4034e-4979-488d-a6dd-61d8d414e3dd,198.185.159.145,United States,53831,"Squarespace, Inc.",Let's Encrypt,false,false,false,false,true
https://dropbox-online.net,dropbox-online.net,dropbox,2026-07-11T13:30:03.887265+00:00,2026-05-30T08:31:28.958259+00:00,d0d96e4b-23c6-47db-8409-b2c4bfca0581,64.191.166.198,United States,35985,"One Ring Networks, Inc.",Let's Encrypt,false,false,false,false,true
https://netflixtunisie.com.tn,netflixtunisie.com.tn,netflix,2026-07-11T13:30:03.887265+00:00,2026-05-30T10:08:11.896344+00:00,379fa87e-860f-429e-acba-9a8540dea351,102.211.208.120,Tunisia,328853,OXAHOST,Let's Encrypt,false,false,false,false,true
https://www-hk-google.com,www-hk-google.com,google,2026-07-11T13:30:03.887265+00:00,2026-05-31T00:35:23.441600+00:00,a9fb5cc4-c17c-4df1-b5ad-ea7986423a71,188.114.97.3,United States,13335,"Cloudflare, Inc.",Google Trust Services,false,false,false,false,true
https://openai-coin.com,openai-coin.com,chatgpt,2026-07-11T13:30:03.887265+00:00,2026-05-31T03:57:14.601447+00:00,50c32c94-c40a-4803-85a0-64163d17b77d,129.226.67.186,Hong Kong,132203,"Tencent Building, Kejizhongyi Avenue",Google Trust Services,false,false,false,false,true
https://best-credit-card-for-facebook-ads.com,best-credit-card-for-facebook-ads.com,facebook,2026-07-11T13:30:03.887265+00:00,2026-05-31T06:52:47.689311+00:00,75a6045c-89f1-4633-a1c6-6f1bb0bba206,185.158.133.1,Poland,13335,"Cloudflare, Inc.",Google Trust Services,false,false,false,false,true
https://mobile-google.cn,mobile-google.cn,google,2026-07-11T13:30:03.887265+00:00,2026-06-02T07:31:37.476386+00:00,e3181001-316d-416f-833a-2332736b6d6a,47.57.5.134,Hong Kong,45102,"Alibaba (US) Technology Co., Ltd.","TrustAsia Technologies, Inc.",false,false,false,false,true
http://netflix-uat.dblxhosting.co.uk,netflix-uat.dblxhosting.co.uk,netflix,2026-07-11T13:30:03.887265+00:00,2026-06-02T13:02:34.346458+00:00,2557c989-e4c6-4e41-b3b6-4259c4ccbf8f,34.206.156.141,United States,14618,"Amazon.com, Inc.",Amazon RSA 2048 M03,false,true,false,false,false
http://amazon.ie/checkout/p/p-404-5633797-9446727/pip,amazon.ie,amazon,2026-07-11T13:30:03.887265+00:00,2026-06-03T01:01:05.911122+00:00,d6fee596-7362-445f-8dbb-e4fe066692af,3.254.238.104,Ireland,16509,"Amazon.com, Inc.",Amazon RSA 2048 M04,false,true,false,false,false
http://metamask-scam.blogspot.com/?m=1,metamask-scam.blogspot.com,metamask,2026-07-11T13:30:03.887265+00:00,2026-06-03T13:00:55.455472+00:00,71acddc0-a56d-43ab-b46b-46c4748d0b26,142.251.13.132,Germany,15169,Google LLC,WE2,true,true,false,false,true
https://metamaskprediction.com,metamaskprediction.com,metamask,2026-07-11T13:30:03.887265+00:00,2026-06-05T00:44:25.831349+00:00,f8aaaecb-8537-4f97-9110-b7ffb5227bb4,188.114.97.3,United States,13335,"Cloudflare, Inc.",Google Trust Services,false,false,false,false,true
https://netflixseeker.com,netflixseeker.com,netflix,2026-07-11T13:30:03.887265+00:00,2026-06-05T18:48:29.375071+00:00,b3d0ee43-c5de-43cb-95d1-2ad0ffda8ab3,209.172.2.50,United States,19853,OrangeHost,Let's Encrypt,false,false,false,false,true
http://security.m365-microsoft.com/i/d51ee024a6cb3468996ec7c9307051d1d,security.m365-microsoft.com,microsoft,2026-07-11T13:30:03.887265+00:00,2026-06-06T01:02:06.184550+00:00,d5cb6a39-23cf-49f4-a25e-0ffd83801c0f,20.50.64.14,Ireland,8075,Microsoft Corporation,R13,false,true,false,false,true
https://facebookfumian.com,facebookfumian.com,facebook,2026-07-11T13:30:03.887265+00:00,2026-06-06T15:17:32.185310+00:00,2d8112ac-d0ca-4cc8-83e9-23497b781f27,172.67.171.99,United States,13335,"Cloudflare, Inc.",Let's Encrypt,false,false,false,false,true
https://programme-hup.m365-microsoft.com/i/d721e212eb3094bfd99c9d047a94edaeb,programme-hup.m365-microsoft.com,microsoft,2026-07-11T13:30:03.887265+00:00,2026-06-08T13:01:32.485411+00:00,872fb8e2-403a-45ce-b2dc-518ebacf7fab,20.50.64.14,Ireland,8075,Microsoft Corporation,R13,false,true,false,false,true
https://hsbc-sec.com,hsbc-sec.com,hsbc,2026-07-11T13:30:03.887265+00:00,2026-06-09T15:34:09.595869+00:00,65d1e6ec-962a-4743-a2fd-cedbf57bb9ed,52.40.42.113,United States,16509,"Amazon.com, Inc.",Let's Encrypt,false,false,false,false,true
https://binancelivetrade.blogspot.com,binancelivetrade.blogspot.com,binance,2026-07-11T13:30:03.887265+00:00,2026-06-10T13:02:03.575533+00:00,c6f65415-24ff-4272-bc15-0ad191ccf02b,142.250.154.132,Germany,15169,Google LLC,WE2,false,true,false,false,false
http://a2zapk.co/1368404-spotify-music-and-podcasts-9-0-30-242-ab-experimental-cloned-armeabi-v7a-arm64-v8a-a2z.html,a2zapk.co,spotify,2026-07-11T13:30:03.887265+00:00,2026-06-12T01:01:41.575499+00:00,3de207bc-7431-4f8a-bb71-2e6de6865202,104.21.68.22,United States,13335,"Cloudflare, Inc.",WE1,false,true,false,false,false
https://profil-facebook-saya.blogspot.com,profil-facebook-saya.blogspot.com,facebook,2026-07-11T13:30:03.887265+00:00,2026-06-13T01:03:15.376069+00:00,9ae63765-78b0-497b-9c07-7aa584237f4b,142.251.110.132,Germany,15169,Google LLC,WE2,false,true,false,false,false
http://facebook-networks.blogspot.com,facebook-networks.blogspot.com,facebook,2026-07-11T13:30:03.887265+00:00,2026-06-13T13:01:33.704162+00:00,91922a27-129c-4ca9-a003-63456945b7ed,142.251.110.132,Germany,15169,Google LLC,WE2,false,true,false,false,true
http://facebook-profile-login.blogspot.com,facebook-profile-login.blogspot.com,facebook,2026-07-11T13:30:03.887265+00:00,2026-06-13T13:02:25.461488+00:00,746e1f33-2b40-4553-836c-250a9fc582a5,142.251.13.132,United States,15169,Google LLC,WE2,false,true,false,false,true
https://hsbcbankuk.ws,hsbcbankuk.ws,hsbc,2026-07-11T13:30:03.887265+00:00,2026-06-13T23:31:11.450459+00:00,1ef59bcf-4fcc-4a25-8bb9-73a65cf87d4c,172.237.159.40,United States,63949,Akamai Connected Cloud,Let's Encrypt,false,false,false,false,true
https://trustworthyshopping.aboutamazon.com,trustworthyshopping.aboutamazon.com,amazon,2026-07-11T13:30:03.887265+00:00,2026-06-15T09:32:44.352737+00:00,d15b523b-cf3b-4977-9eb8-cfdd35e4a803,3.160.150.31,Germany,16509,"Amazon.com, Inc.",Amazon,false,false,false,false,true
https://chatgpt0005.eu.org/blog,chatgpt0005.eu.org,chatgpt,2026-07-11T13:30:03.887265+00:00,2026-06-15T13:02:34.598176+00:00,4c262625-576b-4c6c-9cdc-19a6b6e1efbc,172.67.192.219,United States,13335,"Cloudflare, Inc.",WE1,false,true,false,false,false
http://icloud.com-buscar.help,icloud.com-buscar.help,apple,2026-07-11T13:30:03.887265+00:00,2026-06-15T14:01:36.485786+00:00,a42c70be-5bc1-4be8-a6f9-d5bde6826878,45.140.19.184,Russia,212913,TIME-HOST LTD,YR2,false,false,false,true,false
https://gemini.chatgpt-use.com,gemini.chatgpt-use.com,chatgpt,2026-07-11T13:30:03.887265+00:00,2026-06-16T07:00:54.539934+00:00,d330c664-3e3a-41cc-9052-3de492266a6b,76.76.21.164,United States,16509,"Amazon.com, Inc.",R13,false,false,false,true,false
https://393bet-facebook.sa.com,393bet-facebook.sa.com,facebook,2026-07-11T13:30:03.887265+00:00,2026-06-16T08:30:25.612287+00:00,3903b5ce-15fc-4265-8673-cfd37c11db8a,188.114.97.3,United States,13335,"Cloudflare, Inc.",Google Trust Services,false,false,false,false,true
https://www-google-vip.com,www-google-vip.com,google,2026-07-11T13:30:03.887265+00:00,2026-06-16T11:44:26.606858+00:00,b7489e4a-d3b9-40a4-940f-1c3ed69ce7f7,188.114.96.3,United States,13335,"Cloudflare, Inc.",Let's Encrypt,false,false,true,false,false
https://office365.rricrosoft-offices.org/i/df3667320560f4a8a9918ef9f3f4c4383,office365.rricrosoft-offices.org,microsoft,2026-07-11T13:30:03.887265+00:00,2026-06-17T01:06:27.491729+00:00,935697ea-6413-4c0c-b711-21baf1e8d028,20.50.64.14,Ireland,8075,Microsoft Corporation,R12,false,true,false,false,false
http://spotify-modapk.com,spotify-modapk.com,spotify,2026-07-11T13:30:03.887265+00:00,2026-06-17T13:01:02.755204+00:00,9e7ca879-4a15-440a-aa7d-342cb1677655,45.14.224.216,The Netherlands,62068,SpectraIP B.V.,YR1,false,true,false,false,false
http://fifa-careerhub.com,fifa-careerhub.com,fifa,2026-07-11T13:30:03.887265+00:00,2026-06-17T18:01:09.108258+00:00,e0a417a7-2b99-4ce3-a53a-0164a565f608,91.195.240.94,Germany,47846,SEDO GmbH,Encryption Everywhere DV TLS CA - G2,true,false,false,true,false
http://ucrhp.rgva725lyrd.teams-login.xyz/common/oauth2/v2.0/authorize?client_id=4765445b-32c6-49b0-83e6-1d93765276ca&redirect_uri=https%3a%2f%2fwww.microsoft365.com%2flandingv2&response_type=code%20id_token&scope=openid%20profile%20https%3a%2f%2fwww.office.com%2fv2%2fofficehome.all&response_mode=form_post&nonce=639173654477301639.nzliodnjotitmza4mi00zjm0lwi2yzgtytbhzjdmnzexnjvjzjg0ogmxmtgtndq4nc00oty5ltg4mzgtnzk5nmqyy2zlmdy5&ui_locales=en-us&mkt=en-us&client-request-id=33a52e9a-4913-4d6d-a0c5-7ed90b20da08&state=b3ecj7mh76rpiwz-7cmwefibzamkp7-p_up5ayqwoz6utuciaxuncstzkba9mlqd358cvu6hpvofm8wfdcs6rfujwaolc4asheikdonpd3yd0oeta7tse_t9wkwgur49zsb8eanhowlaifhmalgdefwb8ginhv7uhyuxylccu7j5dkmh66xie9hussqwzjrwafwfl5fy_v_jxzowyqdgicypf9ew7a8rlzgv1hvkx1bebwgxu1rrqinvujzi9pimbojet71qgorgnkuya5wdp8p-g4brns5volfvzsxndoeyaiyi0rabdxbqunnrao3v7abiocqecnwjp-61qohigmfje2tljsgxlg7qee-kn6jlmb6aavb8q-6-ffr02_c5j-tl4vhzblg1wjynn_vwg1me28kgl_6jahtrgndezeiqbvpszlfblh04bux30fkk&x-client-sku=id_net8_0&x-client-ver=8.14.0.0,ucrhp.rgva725lyrd.teams-login.xyz,microsoft,2026-07-11T13:30:03.887265+00:00,2026-06-18T13:02:02.094253+00:00,ca59652f-cc5d-4f22-ac45-4cacf1761e20,20.58.174.214,Australia,8075,Microsoft Corporation,-,true,true,false,false,false
https://coinbase-wallets.blogspot.com/?m=1,coinbase-wallets.blogspot.com,coinbase,2026-07-11T13:30:03.887265+00:00,2026-06-18T13:02:04.491359+00:00,fb394ae8-9a70-4c7b-9592-ebb74449dfe5,142.251.13.132,Germany,15169,Google LLC,WE2,false,true,false,false,false
http://trust-wallet-0xbce9a2c916bw.com,trust-wallet-0xbce9a2c916bw.com,trustwallet,2026-07-11T13:30:03.887265+00:00,2026-06-19T13:01:29.979128+00:00,b9eea86f-717e-4e98-9b66-e50d984f9c0c,185.165.171.228,Romania,200651,FlokiNET ehf,R12,false,true,false,false,false
https://reactivar-microsoft-mxx.iceiy.com/?i=1,reactivar-microsoft-mxx.iceiy.com,microsoft,2026-07-11T13:30:03.887265+00:00,2026-06-19T13:01:33.440351+00:00,d51735df-52ae-456b-a873-ca4b192edbc1,185.27.134.138,United Kingdom,34119,Wildcard UK Limited,ZeroSSL ECC DV SSL CA 2,false,true,false,false,true
https://amazon-arrived.com,amazon-arrived.com,amazon,2026-07-11T13:30:03.887265+00:00,2026-06-19T16:42:55.862218+00:00,b8418458-c258-41ba-8ee7-b1c88bad726d,64.191.166.201,United States,35985,"One Ring Networks, Inc.",Let's Encrypt,false,false,false,false,true
http://spotify.servernotification.events/premium/campaign/rejoin6m/login/yblo0xasyb5cuaw1xcpzsavkzvb0-bdr0uuu=0aq==3qencr1pvsmxfxfraxq==/f_0_udchkeyuav5elolbcapfxggxcytb,spotify.servernotification.events,spotify,2026-07-11T13:30:03.887265+00:00,2026-06-20T01:01:33.879392+00:00,a5a0c3ac-c4e6-4daa-bc40-9748aa2e5c76,3.174.46.79,Germany,16509,"Amazon.com, Inc.",Amazon RSA 2048 M02,true,true,false,false,true
https://hotmailoutlook2026.iceiy.com/?i=1,hotmailoutlook2026.iceiy.com,microsoft,2026-07-11T13:30:03.887265+00:00,2026-06-20T13:00:57.063638+00:00,7cadca1d-8470-4e4a-9726-1ad185cfbace,185.27.134.129,United Kingdom,34119,Wildcard UK Limited,ZeroSSL ECC DV SSL CA 2,false,true,false,false,false
https://hetzitzo.rabobankpensioenfonds.nl,hetzitzo.rabobankpensioenfonds.nl,rabobank,2026-07-11T13:30:03.887265+00:00,2026-06-20T13:52:47.324592+00:00,4a935f11-71e6-422a-92cc-308da91fd52f,62.148.172.176,The Netherlands,31673,Uniserver Internet B.V.,Sectigo Limited,false,false,false,false,true
https://santandercycling.com.co,santandercycling.com.co,santander,2026-07-11T13:30:03.887265+00:00,2026-06-21T01:02:55.548062+00:00,c3c711ed-f9c3-4694-bff9-542a08cf496e,188.114.96.3,United States,13335,"Cloudflare, Inc.",WE1,false,true,false,false,false
https://m-facebookk.com.vn/mt7gh5euhec,m-facebookk.com.vn,facebook,2026-07-11T13:30:03.887265+00:00,2026-06-22T01:02:32.900353+00:00,f45ff8dc-0c21-427f-8bd0-327af2536c60,51.79.151.241,Singapore,16276,OVH SAS,YE2,false,true,false,false,true
https://fifa55lux.com,fifa55lux.com,fifa,2026-07-11T13:30:03.887265+00:00,2026-06-22T12:28:54.564860+00:00,4ed125c9-60a1-40dc-b092-fb9d64177c45,104.21.77.222,United States,13335,"Cloudflare, Inc.",Let's Encrypt,false,false,false,false,true
https://interbank.protected-request.com,interbank.protected-request.com,interbank,2026-07-11T13:30:03.887265+00:00,2026-06-22T13:00:58.013587+00:00,313179bb-c525-4cde-89a3-1b5250130e13,15.197.129.158,United States,16509,"Amazon.com, Inc.",YR1,false,true,false,false,false
http://googleplaydown.com,googleplaydown.com,google,2026-07-11T13:30:03.887265+00:00,2026-06-23T02:00:34.839181+00:00,fa8dd605-6316-4ade-a08f-5042b15f3025,172.67.162.6,United States,13335,"Cloudflare, Inc.",WE1,false,false,false,true,false
http://iniciamazon.com.br,iniciamazon.com.br,amazon,2026-07-11T13:30:03.887265+00:00,2026-06-23T13:00:57.960135+00:00,866b92f0-db6e-45b9-ac06-cc35e6885e01,188.114.97.3,United States,13335,"Cloudflare, Inc.",WE1,false,true,false,false,false
https://interbankingbh.hstn.me,interbankingbh.hstn.me,interbank,2026-07-11T13:30:03.887265+00:00,2026-06-23T20:00:45.181855+00:00,f09e614f-14ee-40a1-809a-a1673db9d8ee,185.27.134.100,United Kingdom,34119,Wildcard UK Limited,ZeroSSL ECC DV SSL CA 2,true,false,true,false,false
https://my-facebook-blog.blogspot.com/?m=1,my-facebook-blog.blogspot.com,facebook,2026-07-11T13:30:03.887265+00:00,2026-06-24T13:02:03.897661+00:00,067e2e22-fba5-4dd0-997d-31116b888e00,142.251.14.132,Germany,15169,Google LLC,WE2,false,true,false,false,false
https://correosprepago.bnext.es/pwd?token=xbe6vb2chqe6tn2gpvdq5dmogw,correosprepago.bnext.es,correos,2026-07-11T13:30:03.887265+00:00,2026-06-25T01:01:38.199406+00:00,c28cb635-85de-4b87-8a55-c985f49fd5b3,199.36.158.100,United States,54113,"Fastly, Inc.",WR3,false,true,false,false,false
https://microsoftjk.eu.org,microsoftjk.eu.org,microsoft,2026-07-11T13:30:03.887265+00:00,2026-06-25T05:54:49.277206+00:00,4cef2ef8-eb5a-4536-8328-f692a8c4c350,172.67.177.186,United States,13335,"Cloudflare, Inc.",SSL Corporation,false,false,false,false,true
http://microsoft-login-securitylogin.jimdofree.com,microsoft-login-securitylogin.jimdofree.com,microsoft,2026-07-11T13:30:03.887265+00:00,2026-06-25T13:01:23.496103+00:00,c4a2f81e-f2b3-41a5-8a56-9968bb8ff0e9,185.60.251.251,Germany,13335,"Cloudflare, Inc.",WE1,false,true,false,false,false
https://outlook.verifytoken.com/s/63bzgfsvbwsfcdx7y9/584dd8/90eab167-7429-489f-99f6-ce86e8d0d81a,outlook.verifytoken.com,microsoft,2026-07-11T13:30:03.887265+00:00,2026-06-25T13:01:31.240158+00:00,efa8482f-552c-4f11-95de-4f96eb842791,34.194.247.17,United States,14618,"Amazon.com, Inc.",R13,false,true,false,false,false
https://pay.fedexcoin.com,pay.fedexcoin.com,fedex,2026-07-11T13:30:03.887265+00:00,2026-06-25T16:48:41.656274+00:00,bcf98856-cb00-4830-a049-601040a40f3c,100.49.110.141,United States,14618,"Amazon.com, Inc.","GoDaddy.com, Inc.",false,false,false,false,true
https://facebookpage-noreplycenter.com,facebookpage-noreplycenter.com,facebook,2026-07-11T13:30:03.887265+00:00,2026-06-26T01:01:52.363064+00:00,6628370d-31de-4efd-9e30-0721c7b101e8,216.198.79.1,United States,16509,"Amazon.com, Inc.",YR2,false,true,false,false,false
https://onedrive.at-us.therelayservice.com/matpwp#/main?type=onedrive&locale=en&token=klb1x-bsfowhfwldwy5w5kex8sqynzrdesvfmnxmjl0tdf7uku8us441ssdv8qxwab7r07sx8d2tcaaxbilw7jrzwi1bt5g3m5qzpqncstyknfwj-yqfe_r7n9a3fu-ucws29093snwgphbneuqsxk8mdo1puqplqq_lyyy-z2vqt0erqcmg8tcawlfl4sskggccbqduptoyfosujteijqvlgjpzlcwk0wzrnqxxdxcdnwju5qyv2u4bj3idzgs8v6qa5yn4seek0heypiiacbhbz-jsqmkneijig233aier9rnsfanl5bt7eowf4952rktiz7odbtltsmxsfazcm3ga1xvespeobe4utzckdaigmdsculmol47bkalfeo3zqnkpb9hw-0acrojr0rpyclysnuwlrdsj3cwj5fljekfatvnxgqf6t6guofe50es9j4ljrt51cmwecxfrx7gnrdtg4vqsf_loqemh0n9qs_6pgwf78nhmzq2uzw-h3syvcvq9ymx-socacp8xhredrbz2z64w4xkxwty3fqjcnrfittqfgpdtnzmyg77ykywog3xcnqzclem2_oylu4f8ynj210a8hcdlwhk_kfpo-l-rvhhjwr8rvlblvvkztoo5nswd6zvqyiyh6c14wlbgmps9-4hbixryj-niycq2ngj7cha9mbmdeuln-4mx3i54,onedrive.at-us.therelayservice.com,microsoft,2026-07-11T13:30:03.887265+00:00,2026-06-26T01:01:59.473916+00:00,0fb7d6c7-9891-450b-8cef-f0fe730025c5,170.10.128.9,United States,30031,Mimecast North America Inc,DigiCert Global G2 TLS RSA SHA256 2020 CA1,false,true,false,false,true
http://ctia-outlook-2026.s1.yapla.com/en/visitors,ctia-outlook-2026.s1.yapla.com,microsoft,2026-07-11T13:30:03.887265+00:00,2026-06-27T01:01:31.769423+00:00,9fe477d6-026a-4435-b793-043ce1128b7a,3.99.78.146,Canada,16509,"Amazon.com, Inc.",-,false,true,false,false,false
http://payme-paypal.com,payme-paypal.com,paypal,2026-07-11T13:30:03.887265+00:00,2026-06-27T01:01:44.534716+00:00,0c3198fb-4792-4633-a4c5-8eb8261833e8,188.114.96.3,United States,13335,"Cloudflare, Inc.",-,false,true,false,false,false
https://accounts.binanceuz.co/ru/login/password,accounts.binanceuz.co,binance,2026-07-11T13:30:03.887265+00:00,2026-06-27T01:02:06.770206+00:00,55c4f70b-a1a3-443b-8881-4c3cc69c6ccc,170.33.96.17,Singapore,134963,Alibaba Cloud (Singapore) Private Limited,-,false,true,false,false,true
https://coinbase-support.co,coinbase-support.co,coinbase,2026-07-11T13:30:03.887265+00:00,2026-06-27T06:37:29.861130+00:00,a7e1c65e-65d3-4d1b-a21e-c83a2f01eb0e,172.236.104.157,United States,63949,Akamai Connected Cloud,Let's Encrypt,false,false,false,false,true
https://login.microsoftonline.hmvegn.ie,login.microsoftonline.hmvegn.ie,microsoft,2026-07-11T13:30:03.887265+00:00,2026-06-28T01:03:10.728281+00:00,7031fa71-bbd6-4ced-bbd4-e64093d80ea1,20.82.96.115,The Netherlands,8075,Microsoft Corporation,-,true,true,false,false,true
https://facebookaccountsmanager.blogspot.com/?m=1,facebookaccountsmanager.blogspot.com,facebook,2026-07-11T13:30:03.887265+00:00,2026-06-28T13:00:56.685165+00:00,1cc6789a-f402-4455-ae92-c081c30ed3b3,142.251.14.132,Germany,15169,Google LLC,-,false,true,false,false,true
http://dropbox.rev.it,dropbox.rev.it,dropbox,2026-07-11T13:30:03.887265+00:00,2026-06-29T01:01:24.449415+00:00,aaad6147-bd2e-4bdd-8ce0-2485cf1bee33,161.97.81.162,France,51167,Contabo GmbH,-,false,true,false,false,false
https://paypal-signin.blogspot.com,paypal-signin.blogspot.com,paypal,2026-07-11T13:30:03.887265+00:00,2026-06-29T01:02:14.712382+00:00,3f27a26c-323a-47fc-88fc-f471670ae530,142.251.110.132,Germany,15169,Google LLC,-,false,true,false,false,false
http://facebooklogin-page.blogspot.com,facebooklogin-page.blogspot.com,facebook,2026-07-11T13:30:03.887265+00:00,2026-06-30T01:01:33.564183+00:00,4c930f97-8b09-48dd-8303-ff370d1e772b,142.251.14.132,Germany,15169,Google LLC,-,false,true,false,false,true
https://facebook-login-help.blogspot.com,facebook-login-help.blogspot.com,facebook,2026-07-11T13:30:03.887265+00:00,2026-06-30T01:01:40.103141+00:00,be23a83e-e18e-4464-9c5b-3698af913d4e,142.251.20.132,Germany,15169,Google LLC,-,false,true,false,false,false
http://barclays-grads.twineapp.com,barclays-grads.twineapp.com,barclays,2026-07-11T13:30:03.887265+00:00,2026-06-30T13:01:07.584498+00:00,7c3cdb2c-9316-415d-bdbd-597b52ee9285,54.154.165.93,Ireland,16509,"Amazon.com, Inc.",-,false,true,false,false,false
http://facebookloginpage2.blogspot.com,facebookloginpage2.blogspot.com,facebook,2026-07-11T13:30:03.887265+00:00,2026-06-30T13:01:19.760064+00:00,aae47088-ee01-497b-89ec-0ec437bcbbad,142.250.154.132,Germany,15169,Google LLC,-,false,true,false,false,false
http://barclays-grads.twinehr.com,barclays-grads.twinehr.com,barclays,2026-07-11T13:30:03.887265+00:00,2026-07-01T01:01:39.600154+00:00,b54a63fc-58ad-470e-b386-0e5ea8de3dc4,54.154.165.93,Ireland,16509,"Amazon.com, Inc.",-,false,true,false,false,false
https://microsoftomsa.zya.me/indexx.html,microsoftomsa.zya.me,microsoft,2026-07-11T13:30:03.887265+00:00,2026-07-01T13:01:40.131361+00:00,c58473bc-4dbc-4d8c-a05f-d7f6eb44247d,185.27.134.55,United Kingdom,34119,Wildcard UK Limited,-,false,true,false,false,false
https://netflix6.com,netflix6.com,netflix,2026-07-11T13:30:03.887265+00:00,2026-07-01T16:46:30.471107+00:00,734bbba7-7f04-4bb1-bd45-03269854b487,101.32.126.3,Singapore,132203,"Tencent Building, Kejizhongyi Avenue",SSL Corporation,false,false,false,false,true
https://facebooks.com.vn/kien-thuc-ngu-phap-thi-thpt-dgnl?a&l,facebooks.com.vn,facebook,2026-07-11T13:30:03.887265+00:00,2026-07-02T01:02:16.433148+00:00,67322f78-e1b5-46bf-861b-7e8c659a7d84,103.78.0.237,Vietnam,140810,Megacore Technology Company Limited,-,false,true,false,false,true
https://forsakens-crew-teman-facebook.blogspot.com/?m=1,forsakens-crew-teman-facebook.blogspot.com,facebook,2026-07-11T13:30:03.887265+00:00,2026-07-02T01:02:18.265691+00:00,5c41e70b-fd5e-495e-8295-0a41437ac95f,142.251.20.132,Germany,15169,Google LLC,-,false,true,false,false,false
http://netflix-suporte.dynv6.net,netflix-suporte.dynv6.net,netflix,2026-07-11T13:30:03.887265+00:00,2026-07-02T01:02:23.112376+00:00,998a4e92-196e-4dbc-a80d-d61806171687,89.32.41.75,Romania,48874,HOSTMAZE INC SRL-D,-,false,true,false,false,false
http://facebookprofilelinks.blogspot.com,facebookprofilelinks.blogspot.com,facebook,2026-07-11T13:30:03.887265+00:00,2026-07-02T13:00:45.271248+00:00,1f191046-d288-465a-aeaf-aaef3a03a730,192.178.183.132,Germany,15169,Google LLC,-,false,true,false,false,true
https://fifaguanwangzhongwen.lol,fifaguanwangzhongwen.lol,fifa,2026-07-11T13:30:03.887265+00:00,2026-07-02T22:19:05.877710+00:00,9ed5327a-f3df-47a3-a111-2e78dbcd681c,160.124.56.139,Hong Kong,132839,POWER LINE DATACENTER,SSL Corporation,false,false,false,false,true
https://uspsmailjourney.com/uspsmailjourney.com/%c3%83%c2%83%c3%82%c2%83%c3%83%c2%82%c3%82%c2%83%c3%83%c2%83%c3%82%c2%82%c3%83%c2%82%c3%82%c2%83%c3%83%c2%83%c3%82%c2%83%c3%83%c2%82%c3%82%c2%82%c3%83%c2%83%c3%82%c2%82%c3%83%c2%82%c3%82%c2%83%c3%83%c2%83%c3%82%c2%83%c3%83%c2%82%c3%82%c2%83%c3%83%c2%83%c3%82%c2%82%c3%83%c2%82%c3%82%c2%82%c3%83%c2%83%c3%82%c2%83%c3%83%c2%82%c3%82%c2%82%c3%83%c2%83%c3%82%c2%82%c3%83%c2%82%c3%82%c2%83%c3%83%c2%83%c3%82%c2%83%c3%83%c2%82%c3%82%c2%83%c3%83%c2%83%c3%82%c2%82%c3%83%c2%82%c3%82%c2%83%c3%83%c2%83%c3%82%c2%83%c3%83%c2%82%c3%82%c2%82%c3%83%c2%83%c3%82%c2%82%c3%83%c2%82%c3%82%c2%82%c3%83%c2%83%c3%82%c2%83%c3%83%c2%82%c3%82%c2%83%c3%83%c2%83%c3%82%c2%82%c3%83%c2%82%c3%82%c2%82%c3%83%c2%83%c3%82%c2%83%c3%83%c2%82%c3%82%c2%82%c3%83%c2%83%c3%82%c2%82%c3%83%c2%82%c3%82%c2%83%c3%83%c2%83%c3%82%c2%83%c3%83%c2%82%c3%82%c2%83%c3%83%c2%83%c3%82%c2%82%c3%83%c2%82%c3%82%c2%83%c3%83%c2%83%c3%82%c2%83%c3%83%c2%82%c3%82%c2%82%c3%83%c2%83%c3%82%c2%82%c3%83%c2%82%c3%82%c2%83%c3%83%c2%83%c3%82%c2%83%c3%83%c2%82%c3%82%c2%83%c3%83%c2%83%c3%82%c2%82%c3%83%c2%82%c3%82%c2%82%c3%83%c2%83%c3%82%c2%83%c3%83%c2%82%c3%82%c2%82%c3%83%c2%83%c3%82%c2%82%c3%83%c2%82%c3%82%c2%82%c3%83%c2%83%c3%82%c2%83%c3%83%c2%82%c3%82%c2%83%c3%83%c2%83%c3%82%c2%82%c3%83%c2%82%c3%82%c2%83%c3%83%c2%83%c3%82%c2%83%c3%83%c2%82%c3%82%c2%82%c3%83%c2%83%c3%82%c2%82%c3%83%c2%82%c3%82%c2%82%c3%83%c2%83%c3%82%c2%83%c3%83%c2%82%c3%82%c2%83%c3%83%c2%83%c3%82%c2%82%c3%83%c2%82%c3%82%c2%82%c3%83%c2%83%c3%82%c2%83%c3%83%c2%82%c3%82%c2%82%c3%83%c2%83%c3%82%c2%82%c3%83%c2%82%c3%82%c2%a2%c3%83%c2%83%c3%82%c2%83%c3%83%c2%82%c3%82%c2%83%c3%83%c2%83%c3%82%c2%82%c3%83%c2%82%c3%82%c2%83%c3%83%c2%83%c3%82%c2%83%c3%83%c2%82%c3%82%c2%82%c3%83%c2%83%c3%82%c2%82%c3%83%c2%82%c3%82%c2%83%c3%83%c2%83%c3%82%c2%83%c3%83%c2%82%c3%82%c2%83%c3%83%c2%83%c3%82%c2%82%c3%83%c2%82%c3%82%c2%82%c3%83%c2%83%c3%82%c2%83%c3%83%c2%82%c3%82%c2%82%c3%83%c2%83%c3%82%c2%82%c3%83%c2%82%c3%82%c2%83%c3%83%c2%83%c3%82%c2%83%c3%83%c2%82%c3%82%c2%83%c3%83%c2%83%c3%82%c2%82%c3%83%c2%82%c3%82%c2%83%c3%83%c2%83%c3%82%c2%83%c3%83%c2%82%c3%82%c2%82%c3%83%c2%83%c3%82%c2%82%c3%83%c2%82%c3%82%c2%82%c3%83%c2%83%c3%82%c2%83%c3%83%c2%82%c3%82%c2%83%c3%83%c2%83%c3%82%c2%82%c3%83%c2%82%c3%82%c2%82%c3%83%c2%83%c3%82%c2%83%c3%83%c2%82%c3%82%c2%82%c3%83%c2%83%c3%82%c2%82%c3%83%c2%82%c3%82%c2%82%c3%83%c2%83%c3%82%c2%83%c3%83%c2%82%c3%82%c2%83%c3%83%c2%83%c3%82%c2%82%c3%83%c2%82%c3%82%c2%83%c3%83%c2%83%c3%82%c2%83%c3%83%c2%82%c3%82%c2%82%c3%83%c2%83%c3%82%c2%82%c3%83%c2%82%c3%82%c2%83%c3%83%c2%83%c3%82%c2%83%c3%83%c2%82%c3%82%c2%83%c3%83%c2%83%c3%82%c2%82%c3%83%c2%82%c3%82%c2%82%c3%83%c2%83%c3%82%c2%83%c3%83%c2%82%c3%82%c2%82%c3%83%c2%83%c3%82%c2%82%c3%83%c2%82%c3%82%c2%82%c3%83%c2%83%c3%82%c2%83%c3%83%c2%82%c3%82%c2%83%c3%83%c2%83%c3%82%c2%82%c3%83%c2%82%c3%82%c2%83%c3%83%c2%83%c3%82%c2%83%c3%83%c2%82%c3%82%c2%82%c3%83%c2%83%c3%82%c2%82%c3%83%c2%82%c3%82%c2%82%c3%83%c2%83%c3%82%c2%83%c3%83%c2%82%c3%82%c2%83%c3%83%c2%83%c3%82%c2%82%c3%83%c2%82%c3%82%c2%82%c3%83%c2%83%c3%82%c2%83%c3%83%c2%82%c3%82%c2%82%c3%83%c2%83%c3%82%c2%82%c3%83%c2%82%c3%82%c2%80%c3%83%c2%83%c3%82%c2%83%c3%83%c2%82%c3%82%c2%83%c3%83%c2%83%c3%82%c2%82%c3%83%c2%82%c3%82%c2%83%c3%83%c2%83%c3%82%c2%83%c3%83%c2%82%c3%82%c2%82%c3%83%c2%83%c3%82%c2%82%c3%83%c2%82%c3%82%c2%83%c3%83%c2%83%c3%82%c2%83%c3%83%c2%82%c3%82%c2%83%c3%83%c2%83%c3%82%c2%82%c3%83%c2%82%c3%82%c2%82%c3%83%c2%83%c3%82%c2%83%c3%83%c2%82%c3%82%c2%82%c3%83%c2%83%c3%82%c2%82%c3%83%c2%82%c3%82%c2%83%c3%83%c2%83%c3%82%c2%83%c3%83%c2%82%c3%82%c2%83%c3%83%c2%83%c3%82%c2%82%c3%83%c2%82%c3%82%c2%83%c3%83%c2%83%c3%82%c2%83%c3%83%c2%82%c3%82%c2%82%c3%83%c2%83%c3%82%c2%82%c3%83%c2%82%c3%82%c2%82%c3%83%c2%83%c3%82%c2%83%c3%83%c2%82%c3%82%c2%83%c3%83%c2%83%c3%82%c2%82%c3%83%c2%82%c3%82%c2%82%c3%83%c2%83%c3%82%c2%83%c3%83%c2%82%c3%82%c2%82%c3%83%c2%83%c3%82%c2%82%c3%83%c2%82%c3%82%c2%82%c3%83%c2%83%c3%82%c2%83%c3%83%c2%82%c3%82%c2%83%c3%83%c2%83%c3%82%c2%82%c3%83%c2%82%c3%82%c2%83%c3%83%c2%83%c3%82%c2%83%c3%83%c2%82%c3%82%c2%82%c3%83%c2%83%c3%82%c2%82%c3%83%c2%82%c3%82%c2%83%c3%83%c2%83%c3%82%c2%83%c3%83%c2%82%c3%82%c2%83%c3%83%c2%83%c3%82%c2%82%c3%83%c2%82%c3%82%c2%82%c3%83%c2%83%c3%82%c2%83%c3%83%c2%82%c3%82%c2%82%c3%83%c2%83%c3%82%c2%82%c3%83%c2%82%c3%82%c2%82%c3%83%c2%83%c3%82%c2%83%c3%83%c2%82%c3%82%c2%83%c3%83%c2%83%c3%82%c2%82%c3%83%c2%82%c3%82%c2%83%c3%83%c2%83%c3%82%c2%83%c3%83%c2%82%c3%82%c2%82%c3%83%c2%83%c3%82%c2%82%c3%83%c2%82%c3%82%c2%82%c3%83%c2%83%c3%82%c2%83%c3%83%c2%82%c3%82%c2%83%c3%83%c2%83%c3%82%c2%82%c3%83%c2%82%c3%82%c2%82%c3%83%c2%83%c3%82%c2%83%c3%83%c2%82%c3%82%c2%82%c3%83%c2%83%c3%82%c2%82%c3%83%c2%82%c3%82%c2%99,uspsmailjourney.com,usps,2026-07-11T13:30:03.887265+00:00,2026-07-03T01:01:08.468182+00:00,7efe26c8-b68e-4aab-ace6-2d3cf0762eaf,20.119.0.36,United States,8075,Microsoft Corporation,-,false,true,false,false,true
https://correos-institucionallco2026x.iceiy.com/?i=1,correos-institucionallco2026x.iceiy.com,correos,2026-07-11T13:30:03.887265+00:00,2026-07-03T01:01:12.595539+00:00,32140e62-3716-4c4f-ad14-ab662bff9ee5,185.27.134.98,United Kingdom,34119,Wildcard UK Limited,-,false,true,false,false,true
https://fifazuqiushijiepojieban.lol,fifazuqiushijiepojieban.lol,fifa,2026-07-11T13:30:03.887265+00:00,2026-07-03T11:25:31.549287+00:00,0dabd778-8744-4e45-835d-17c165324c27,160.124.64.122,Hong Kong,132839,POWER LINE DATACENTER,SSL Corporation,false,false,false,false,true
https://fifaguanwangrukouzhongwen.lol,fifaguanwangrukouzhongwen.lol,fifa,2026-07-11T13:30:03.887265+00:00,2026-07-03T21:14:19.664181+00:00,ca4dcb2a-ff03-4b30-9f86-9333d396ee3b,160.124.31.170,Hong Kong,132839,POWER LINE DATACENTER,Let's Encrypt,false,false,false,false,true
http://uspsaunitedworkforce.com,uspsaunitedworkforce.com,usps,2026-07-11T13:30:03.887265+00:00,2026-07-04T01:01:14.500249+00:00,06871f43-deaa-4811-a2f1-e82cd8764593,185.158.133.1,Poland,13335,"Cloudflare, Inc.",-,false,true,false,false,false
http://h5.facebookmeta.cc,h5.facebookmeta.cc,facebook,2026-07-11T13:30:03.887265+00:00,2026-07-04T01:01:38.202939+00:00,fb7ffe5c-118f-48ad-ad3b-c7306b6fe0c3,104.21.14.126,United States,13335,"Cloudflare, Inc.",-,false,true,false,false,false
https://forms.cloud.microsoft,forms.cloud.microsoft,microsoft,2026-07-11T13:30:03.887265+00:00,2026-07-04T03:26:49.532972+00:00,efe60945-b39b-4de1-9679-5094c386c912,150.171.74.13,United States,8075,Microsoft Corporation,Microsoft Corporation,false,false,true,false,false
https://fifashijiebeiguanwang.lol,fifashijiebeiguanwang.lol,fifa,2026-07-11T13:30:03.887265+00:00,2026-07-04T12:25:56.195175+00:00,86511e3d-f4b3-4428-8722-cbceec18a8c0,160.124.56.138,Hong Kong,132839,POWER LINE DATACENTER,Google Trust Services,false,false,false,false,true
http://netflixfeitoaqui.com.br,netflixfeitoaqui.com.br,netflix,2026-07-11T13:30:03.887265+00:00,2026-07-04T13:01:14.343482+00:00,719d4201-c686-4bf8-94c8-748202e55be6,216.198.79.1,United States,16509,"Amazon.com, Inc.",-,false,true,false,false,true
http://fifaworldcupgiveaway.com,fifaworldcupgiveaway.com,fifa,2026-07-11T13:30:03.887265+00:00,2026-07-04T13:01:34.844158+00:00,18097bc0-ede8-40aa-9576-2d0f98535be3,216.198.79.1,United States,16509,"Amazon.com, Inc.",-,false,true,false,false,true
https://amazon-slotes.com,amazon-slotes.com,amazon,2026-07-11T13:30:03.887265+00:00,2026-07-04T23:50:40.125451+00:00,6fc2bbd6-39aa-45f7-8526-59140668fa71,188.114.96.3,United States,13335,"Cloudflare, Inc.",Sectigo Limited,false,false,false,false,true
http://netflixhasnohomepage.com,netflixhasnohomepage.com,netflix,2026-07-11T13:30:03.887265+00:00,2026-07-05T01:02:16.898651+00:00,13a88bbb-e831-42e4-9343-a888f00f47b3,3.160.150.107,Germany,16509,"Amazon.com, Inc.",-,false,true,false,false,true
https://itauempresas30horas.likescandy.com/home.html,itauempresas30horas.likescandy.com,itau,2026-07-11T13:30:03.887265+00:00,2026-07-05T01:02:20.573855+00:00,f6d1e168-622a-4d81-a6d0-00f47e0d03cc,181.224.24.112,United States,270564,MASTER DA WEB DATACENTER LTDA,-,false,true,false,false,true
https://ggzh-google.com.cn,ggzh-google.com.cn,google,2026-07-11T13:30:03.887265+00:00,2026-07-05T10:33:18.617019+00:00,c4ad994c-be5c-4092-9012-9a23e2efa1ad,188.114.97.3,United States,13335,"Cloudflare, Inc.",Let's Encrypt,false,false,true,false,false
https://dhlexpresslogistics.live,dhlexpresslogistics.live,dhl,2026-07-11T13:30:03.887265+00:00,2026-07-06T03:22:25.462030+00:00,a6e9208c-823d-45d0-8992-f05c4ea1b5f9,145.223.107.79,United States,47583,Hostinger International Limited,Let's Encrypt,false,false,false,false,true
https://revolut-gapps.club,revolut-gapps.club,revolut,2026-07-11T13:30:03.887265+00:00,2026-07-06T10:52:31.584373+00:00,8dd7c226-b42c-4d6c-8bba-4701b4aaca81,104.21.52.221,United States,13335,"Cloudflare, Inc.",Google Trust Services,false,false,false,false,true
http://spotifyzonepro-dl.fwh.is,spotifyzonepro-dl.fwh.is,spotify,2026-07-11T13:30:03.887265+00:00,2026-07-06T12:07:04.003632+00:00,b9cf6e3c-1c3e-4c76-82f0-e484bc2c8d4f,185.27.134.139,United Kingdom,34119,Wildcard UK Limited,-,false,false,false,true,false
http://spotifysvotingslink.ct.ws,spotifysvotingslink.ct.ws,spotify,2026-07-11T13:30:03.887265+00:00,2026-07-06T12:07:07.186108+00:00,c1479453-b303-4f32-908b-c1f240fd17a5,185.27.134.125,United Kingdom,34119,Wildcard UK Limited,-,false,false,false,true,false
http://spotifycohostprimes.fwh.is,spotifycohostprimes.fwh.is,spotify,2026-07-11T13:30:03.887265+00:00,2026-07-06T12:07:12.700272+00:00,a2eda132-9940-41d7-b5b6-4541b4e5021d,185.27.134.223,United Kingdom,34119,Wildcard UK Limited,-,false,false,false,true,false
http://spotify.infy.uk,spotify.infy.uk,spotify,2026-07-11T13:30:03.887265+00:00,2026-07-06T12:07:24.213244+00:00,100ed563-1c6d-4978-a680-5876ea474185,185.27.134.110,United Kingdom,34119,Wildcard UK Limited,-,false,false,false,true,false
http://spotifyprimeflex.gt.tc,spotifyprimeflex.gt.tc,spotify,2026-07-11T13:30:03.887265+00:00,2026-07-06T12:07:31.324813+00:00,65965522-0bca-4abb-af77-65daf3e2dc9a,185.27.134.168,United Kingdom,34119,Wildcard UK Limited,-,false,false,false,true,false
http://spotifyspodcastpro-nl.fwh.is,spotifyspodcastpro-nl.fwh.is,spotify,2026-07-11T13:30:03.887265+00:00,2026-07-06T12:07:36.024410+00:00,19ec2911-b7d5-4504-892d-7b22abc52b9c,185.27.134.125,United Kingdom,34119,Wildcard UK Limited,-,false,false,false,true,false
http://spotifygooglepodcastevent.fwh.is,spotifygooglepodcastevent.fwh.is,spotify,2026-07-11T13:30:03.887265+00:00,2026-07-06T12:07:41.733148+00:00,6267f63f-95f7-4e55-809b-66959ad1d986,185.27.134.114,United Kingdom,34119,Wildcard UK Limited,-,false,false,false,true,false
http://outlookvalidardatosmsn-whatsapp.iceiy.com,outlookvalidardatosmsn-whatsapp.iceiy.com,microsoft,2026-07-11T13:30:03.887265+00:00,2026-07-07T01:00:33.391055+00:00,3109b930-0b72-439f-bb4f-30d28708cb52,185.27.134.226,United Kingdom,34119,Wildcard UK Limited,-,false,true,false,false,true
https://securedsupport-coinbase.com,securedsupport-coinbase.com,coinbase,2026-07-11T13:30:03.887265+00:00,2026-07-07T01:45:37.648989+00:00,5ab1b47f-1ff3-4b2f-baba-1b0059fca080,198.185.159.144,United States,53831,"Squarespace, Inc.",Let's Encrypt,false,false,false,false,true
https://hsbc-bank-london.ws,hsbc-bank-london.ws,hsbc,2026-07-11T13:30:03.887265+00:00,2026-07-07T12:20:13.231995+00:00,f4d73f59-cf82-4ff5-8fac-a08736b3b59c,172.237.159.40,United States,63949,Akamai Connected Cloud,Let's Encrypt,false,false,false,false,true
http://netflix-deskhelp.com,netflix-deskhelp.com,netflix,2026-07-11T13:30:03.887265+00:00,2026-07-08T13:00:57.473553+00:00,f25ccdd0-0a60-4a51-b736-639c3fb4d28a,45.74.47.68,Germany,213441,SLAYER GROUP LIMITED,-,false,true,false,false,true
https://facebook-seks-32.blogspot.com/?m=1,facebook-seks-32.blogspot.com,facebook,2026-07-11T13:30:03.887265+00:00,2026-07-08T13:00:59.469284+00:00,c883d791-422e-4cab-a04b-4300ff09d7d5,142.251.13.132,Germany,15169,Google LLC,-,false,true,false,false,true
https://netflixcasino.pl,netflixcasino.pl,netflix,2026-07-11T13:30:03.887265+00:00,2026-07-08T15:03:28.290759+00:00,89b9672e-cd1c-439a-abdc-21c1fe19d806,188.114.97.3,United States,13335,"Cloudflare, Inc.",Let's Encrypt,false,false,false,false,true
https://1479182-coinbase.com,1479182-coinbase.com,coinbase,2026-07-11T13:30:03.887265+00:00,2026-07-09T09:35:59.058421+00:00,13058c0a-6a3c-40d4-888e-9fd168757a06,162.159.140.166,United States,13335,"Cloudflare, Inc.",Let's Encrypt,false,false,true,false,false
https://facebook-login-pages.blogspot.com,facebook-login-pages.blogspot.com,facebook,2026-07-11T13:30:03.887265+00:00,2026-07-09T13:01:50.057775+00:00,a0ce4b87-ad9f-4a4b-a08b-bf4ba88f05e2,142.251.14.132,Germany,15169,Google LLC,-,false,true,false,false,true
https://test-facebook.blogspot.com,test-facebook.blogspot.com,facebook,2026-07-11T13:30:03.887265+00:00,2026-07-09T13:01:55.696454+00:00,45e96f70-861f-4611-8441-d1177adadd94,142.251.14.132,Germany,15169,Google LLC,-,false,true,false,false,false
https://facebook-seks-35.blogspot.com/?m=1,facebook-seks-35.blogspot.com,facebook,2026-07-11T13:30:03.887265+00:00,2026-07-09T13:01:57.351499+00:00,54603dc9-a00d-47a2-bb20-1b14e4f558ea,142.251.13.132,Germany,15169,Google LLC,-,false,true,false,false,false
https://facebook-linkedin.blogspot.com,facebook-linkedin.blogspot.com,facebook,2026-07-11T13:30:03.887265+00:00,2026-07-09T13:02:01.014826+00:00,3ea9dfc6-3992-4430-84a3-ee54ecb724fc,142.251.127.132,Germany,15169,Google LLC,-,false,true,false,false,true
https://s-facebook.blogspot.com,s-facebook.blogspot.com,facebook,2026-07-11T13:30:03.887265+00:00,2026-07-09T13:02:04.880033+00:00,efbd49f1-27d7-4ff9-b28e-001e7d2c11fc,142.250.154.132,Germany,15169,Google LLC,-,false,true,false,false,false
https://berbagi-facebook.blogspot.com,berbagi-facebook.blogspot.com,facebook,2026-07-11T13:30:03.887265+00:00,2026-07-09T13:02:17.128026+00:00,9d22f15f-4019-45d9-b131-cb5ebd54e52f,142.251.110.132,Germany,15169,Google LLC,-,false,true,false,false,true
https://facebook-facebook.blogspot.com/?m=1,facebook-facebook.blogspot.com,facebook,2026-07-11T13:30:03.887265+00:00,2026-07-09T13:02:18.931142+00:00,0ccb315b-5189-4564-bf62-c44c5f147870,142.251.20.132,Germany,15169,Google LLC,-,false,true,false,false,false
https://network-facebook.blogspot.com,network-facebook.blogspot.com,facebook,2026-07-11T13:30:03.887265+00:00,2026-07-09T13:02:21.254344+00:00,243ea18e-54e1-442b-9694-077ee5dc6cb4,142.251.13.132,Germany,15169,Google LLC,-,false,true,false,false,false
https://facebook-fake.blogspot.com/?m=1,facebook-fake.blogspot.com,facebook,2026-07-11T13:30:03.887265+00:00,2026-07-10T01:01:22.538254+00:00,0cb5a7de-8102-44b9-83fa-704fa22c0f1c,192.178.183.132,Germany,15169,Google LLC,-,false,true,false,false,false
http://steamcommunity-workshop.shop/workshop/balance,steamcommunity-workshop.shop,steam,2026-07-11T13:30:03.887265+00:00,2026-07-10T01:01:34.165593+00:00,38923573-89db-4596-8285-7406f3175a71,188.114.97.3,United States,13335,"Cloudflare, Inc.",-,false,true,false,false,false
https://free-facebook-page-likes.blogspot.com/?m=1,free-facebook-page-likes.blogspot.com,facebook,2026-07-11T13:30:03.887265+00:00,2026-07-10T01:01:43.466403+00:00,7f2050f8-e48b-4e5b-9e77-201aa3f06504,142.251.110.132,Germany,15169,Google LLC,-,false,true,false,false,false
https://facebook-prime.blogspot.com/?m=1,facebook-prime.blogspot.com,facebook,2026-07-11T13:30:03.887265+00:00,2026-07-10T01:01:45.166603+00:00,d27131a8-4a89-4631-b7e4-e6b0c900310d,142.251.13.132,Germany,15169,Google LLC,-,false,true,false,false,false
https://facebook-alpha.blogspot.com,facebook-alpha.blogspot.com,facebook,2026-07-11T13:30:03.887265+00:00,2026-07-10T01:02:03.046050+00:00,04389915-cf92-4c87-bbb0-34f423eca564,142.251.20.132,Germany,15169,Google LLC,-,false,true,false,false,true
https://tt-facebook.blogspot.com/?m=1,tt-facebook.blogspot.com,facebook,2026-07-11T13:30:03.887265+00:00,2026-07-10T01:02:06.090293+00:00,9dd95d1d-1792-40e2-8082-5932822e5e81,142.251.14.132,Germany,15169,Google LLC,-,false,true,false,false,true
https://facebook-video-share.blogspot.com/?m=1,facebook-video-share.blogspot.com,facebook,2026-07-11T13:30:03.887265+00:00,2026-07-10T01:02:08.635946+00:00,330d8b69-2865-4a04-a132-795fd49ed88b,142.251.13.132,Germany,15169,Google LLC,-,false,true,false,false,false
https://metamask-info-deskdeskdeskservicedeskdeskdeskdesklinedeskdesk.net.ph,metamask-info-deskdeskdeskservicedeskdeskdeskdesklinedeskdesk.net.ph,metamask,2026-07-11T13:30:03.887265+00:00,2026-07-10T01:17:46.753287+00:00,dd8975d3-0834-48bb-87de-afa2b2c69796,45.79.222.138,United States,63949,Akamai Connected Cloud,Let's Encrypt,false,false,false,false,true
https://metamask-info-deskdeskdeskdeskdeskdeskdeskinboxdeskservicedesk.net.ph,metamask-info-deskdeskdeskdeskdeskdeskdeskinboxdeskservicedesk.net.ph,metamask,2026-07-11T13:30:03.887265+00:00,2026-07-10T09:21:08.790375+00:00,ddb9dea7-7ce5-4078-91d5-311594e2836d,45.79.222.138,United States,63949,Akamai Connected Cloud,Let's Encrypt,false,false,false,false,true
https://hsbconlinebankingportal.ph,hsbconlinebankingportal.ph,hsbc,2026-07-11T13:30:03.887265+00:00,2026-07-10T10:22:06.473743+00:00,0c0ec118-a90a-42a4-bafa-ab42158bc9cf,45.79.222.138,United States,63949,Akamai Connected Cloud,Let's Encrypt,false,false,false,false,true
https://metamask-info-deskdeskdeskdeskdeskdeskdeskdeskdeskserviceline.net.ph,metamask-info-deskdeskdeskdeskdeskdeskdeskdeskdeskserviceline.net.ph,metamask,2026-07-11T13:30:03.887265+00:00,2026-07-10T11:09:37.333782+00:00,a255151d-e941-4fba-8eb5-67b9872946e7,45.79.222.138,United States,63949,Akamai Connected Cloud,Let's Encrypt,false,false,false,false,true
https://metamask-info-deskdeskdeskdeskdeskdeskdeskdeskservicedeskline.net.ph,metamask-info-deskdeskdeskdeskdeskdeskdeskdeskservicedeskline.net.ph,metamask,2026-07-11T13:30:03.887265+00:00,2026-07-10T11:16:17.274026+00:00,896066ed-deb2-4e4e-8913-a914bc818621,45.79.222.138,United States,63949,Akamai Connected Cloud,Let's Encrypt,false,false,false,false,true
https://metamask-info-deskdeskdeskdeskdeskdeskdeskinboxdesklineline.net.ph,metamask-info-deskdeskdeskdeskdeskdeskdeskinboxdesklineline.net.ph,metamask,2026-07-11T13:30:03.887265+00:00,2026-07-10T11:20:50.614941+00:00,dfca9eea-ac08-422d-8166-e45b5bf00f4b,45.79.222.138,United States,63949,Akamai Connected Cloud,Let's Encrypt,false,false,false,false,true
https://metamask-info-deskdeskdeskdeskdeskdeskdeskservicelinedeskline.net.ph,metamask-info-deskdeskdeskdeskdeskdeskdeskservicelinedeskline.net.ph,metamask,2026-07-11T13:30:03.887265+00:00,2026-07-10T11:26:08.212466+00:00,501ffb55-9349-426b-9d29-f55388e0709b,45.79.222.138,United States,63949,Akamai Connected Cloud,Let's Encrypt,false,false,false,false,true
https://facebook-com.gitbook.io,facebook-com.gitbook.io,facebook,2026-07-11T13:30:03.887265+00:00,2026-07-10T13:02:43.598986+00:00,8dfe017f-2771-4309-89a4-4cf406d08deb,104.18.40.47,United States,13335,"Cloudflare, Inc.",-,false,true,false,false,false
https://2017-facebook.blogspot.com,2017-facebook.blogspot.com,facebook,2026-07-11T13:30:03.887265+00:00,2026-07-10T13:02:47.132928+00:00,967a17f6-1fa4-46bf-9142-534984b0cfad,142.251.13.132,Germany,15169,Google LLC,-,false,true,false,false,true
https://facebook-photo5.blogspot.com/?m=1,facebook-photo5.blogspot.com,facebook,2026-07-11T13:30:03.887265+00:00,2026-07-10T13:02:51.248480+00:00,92cc5618-7491-44a1-94db-45804d3aa6b2,142.251.127.132,Germany,15169,Google LLC,-,false,true,false,false,true
https://facebookloginconfirm.blogspot.com/?m=1,facebookloginconfirm.blogspot.com,facebook,2026-07-11T13:30:03.887265+00:00,2026-07-10T13:02:52.467224+00:00,e0304d91-e069-418e-a00b-41ab7e63a468,142.251.127.132,Germany,15169,Google LLC,-,false,true,false,false,false
https://logins-facebook.blogspot.com/?m=1,logins-facebook.blogspot.com,facebook,2026-07-11T13:30:03.887265+00:00,2026-07-10T13:02:54.045422+00:00,dc040192-a55a-4eeb-871b-aff97bcfacd9,142.251.110.132,Germany,15169,Google LLC,-,false,true,false,false,true
https://facebooklogin123.blogspot.com,facebooklogin123.blogspot.com,facebook,2026-07-11T13:30:03.887265+00:00,2026-07-10T13:03:00.703936+00:00,9b0d7ce5-88e8-4803-96fc-8152961d36eb,142.251.127.132,Germany,15169,Google LLC,-,false,true,false,false,false
https://facebook-procet.blogspot.com,facebook-procet.blogspot.com,facebook,2026-07-11T13:30:03.887265+00:00,2026-07-10T13:04:04.196844+00:00,d441ed2e-bcaf-4ac0-88d2-75bc642cc717,142.251.13.132,Germany,15169,Google LLC,-,false,true,false,false,false
http://agenciatributaria-car.eu.cc/es,agenciatributaria-car.eu.cc,hacienda,2026-07-11T13:30:03.887265+00:00,2026-07-10T13:04:22.786432+00:00,b615e3f3-9a12-4d9f-90b5-8c8dc607e99c,43.130.56.91,United States,132203,"Tencent Building, Kejizhongyi Avenue",-,false,true,false,false,false
https://ml-facebook.blogspot.com,ml-facebook.blogspot.com,facebook,2026-07-11T13:30:03.887265+00:00,2026-07-10T13:04:27.588237+00:00,c6f5028d-441a-403a-b45c-53f8318cb928,142.251.127.132,Germany,15169,Google LLC,-,false,true,false,false,false
https://bankofamerica.431283.com,bankofamerica.431283.com,bankofamerica,2026-07-11T13:30:03.887265+00:00,2026-07-10T13:04:30.831994+00:00,6c03ee7d-fed0-4055-8fcf-e073df5c8fdd,163.245.209.194,United States,19318,"Interserver, Inc",-,true,true,false,false,true
https://facebook-seks-44.blogspot.com/?m=1,facebook-seks-44.blogspot.com,facebook,2026-07-11T13:30:03.887265+00:00,2026-07-10T13:05:12.015867+00:00,becb947e-f649-4ccc-a012-e0de425bbe54,142.251.13.132,Germany,15169,Google LLC,-,false,true,false,false,false
https://fedex-documents-obans.edgeone.dev/new_login.html,fedex-documents-obans.edgeone.dev,fedex,2026-07-11T13:30:03.887265+00:00,2026-07-10T13:05:14.371227+00:00,b10b0260-af92-4484-8ba6-f70c58ebb2fb,43.174.246.29,Singapore,139341,ACE,-,false,true,false,false,false
http://agenciatributaria-on.eu.cc/es,agenciatributaria-on.eu.cc,hacienda,2026-07-11T13:30:03.887265+00:00,2026-07-10T13:05:17.597229+00:00,b00cdb9f-13e0-41bf-94d0-209c9a99d906,43.130.56.91,United States,132203,"Tencent Building, Kejizhongyi Avenue",-,false,true,false,false,false
https://metamask-info-deskdeskdeskdeskdeskdeskdeskinboxdeskserviceline.net.ph,metamask-info-deskdeskdeskdeskdeskdeskdeskinboxdeskserviceline.net.ph,metamask,2026-07-11T13:30:03.887265+00:00,2026-07-10T13:43:00.024848+00:00,ca456661-5cba-4306-8e3d-206e837cde85,45.79.222.138,United States,63949,Akamai Connected Cloud,Let's Encrypt,false,false,false,false,true
https://metamask-info-servicedeskdeskinboxdeskservice.net.ph,metamask-info-servicedeskdeskinboxdeskservice.net.ph,metamask,2026-07-11T13:30:03.887265+00:00,2026-07-10T17:05:30.238594+00:00,d70ce6cc-d14d-4486-9799-31a0d5aa33cd,45.79.222.138,United States,63949,Akamai Connected Cloud,Let's Encrypt,false,false,false,false,true
https://metamask-info-deskdeskdeskservicedeskdesklinedeskdeskdeskline.net.ph,metamask-info-deskdeskdeskservicedeskdesklinedeskdeskdeskline.net.ph,metamask,2026-07-11T13:30:03.887265+00:00,2026-07-10T18:05:14.169063+00:00,b1585f72-c169-4c33-9870-c4bc7e5a122a,45.79.222.138,United States,63949,Akamai Connected Cloud,Let's Encrypt,false,false,false,false,true
https://microsoftregional.net.ph,microsoftregional.net.ph,microsoft,2026-07-11T13:30:03.887265+00:00,2026-07-10T19:01:17.758833+00:00,426950db-4064-44dd-a07c-3fa01671c9fa,45.79.222.138,United States,63949,Akamai Connected Cloud,Let's Encrypt,false,false,false,false,true
https://metamask-info-deskdeskdeskservicedeskdeskdesklinelineline.net.ph,metamask-info-deskdeskdeskservicedeskdeskdesklinelineline.net.ph,metamask,2026-07-11T13:30:03.887265+00:00,2026-07-10T20:08:52.744406+00:00,f67928dd-38a4-443a-895d-b3309a282db1,45.79.222.138,United States,63949,Akamai Connected Cloud,Let's Encrypt,false,false,false,false,true
https://metamask-info-deskdeskdeskdeskservicedeskdesklineline.net.ph,metamask-info-deskdeskdeskdeskservicedeskdesklineline.net.ph,metamask,2026-07-11T13:30:03.887265+00:00,2026-07-10T20:20:43.450939+00:00,51f9ad69-b9ad-448c-a533-f13206adf017,45.79.222.138,United States,63949,Akamai Connected Cloud,Let's Encrypt,false,false,false,false,true
https://metamask-info-deskdeskdeskdeskdeskdeskdeskdeskservicedeskdesk.net.ph,metamask-info-deskdeskdeskdeskdeskdeskdeskdeskservicedeskdesk.net.ph,metamask,2026-07-11T13:30:03.887265+00:00,2026-07-10T21:31:51.923919+00:00,ff50911b-2cc6-4638-9d01-c728929a7129,45.79.222.138,United States,63949,Akamai Connected Cloud,Let's Encrypt,false,false,false,false,true
https://metamask-info-deskdeskdeskdeskdeskdeskdeskdeskdeskdeskservice.net.ph,metamask-info-deskdeskdeskdeskdeskdeskdeskdeskdeskdeskservice.net.ph,metamask,2026-07-11T13:30:03.887265+00:00,2026-07-10T21:44:43.045733+00:00,35cf80e3-e450-4ca5-b90f-3894259b71f5,45.79.222.138,United States,63949,Akamai Connected Cloud,Let's Encrypt,false,false,false,false,true
https://facebookmail-facebook.blogspot.com/?m=1,facebookmail-facebook.blogspot.com,facebook,2026-07-11T13:30:03.887265+00:00,2026-07-11T01:01:27.791292+00:00,e54e2f0a-4fc5-49b0-a9f6-3625f6c3cd13,142.251.13.132,Germany,15169,Google LLC,-,false,true,false,false,false
https://facebook-ilham.blogspot.com,facebook-ilham.blogspot.com,facebook,2026-07-11T13:30:03.887265+00:00,2026-07-11T01:01:37.070078+00:00,2b98a045-da29-4161-ada0-32dc0787f3fb,142.251.14.132,Germany,15169,Google LLC,-,false,true,false,false,true
https://cz-facebook.blogspot.com,cz-facebook.blogspot.com,facebook,2026-07-11T13:30:03.887265+00:00,2026-07-11T01:01:53.206176+00:00,da5846e9-fcad-4207-bf32-664565c99c68,142.251.13.132,Germany,15169,Google LLC,-,false,true,false,false,true
https://metamask-info-deskdeskdeskservicedesklinelinedeskdeskdesk.net.ph,metamask-info-deskdeskdeskservicedesklinelinedeskdeskdesk.net.ph,metamask,2026-07-11T13:30:03.887265+00:00,2026-07-11T01:57:20.874836+00:00,3baa94fd-46f1-4b4a-ab13-753c6472edb2,45.79.222.138,United States,63949,Akamai Connected Cloud,Let's Encrypt,false,false,false,false,true
https://pages-metamask-help.wixstudio.com/us-en,pages-metamask-help.wixstudio.com,metamask,2026-07-11T13:30:03.887265+00:00,2026-07-11T02:00:42.782943+00:00,3e184bae-5b66-4f39-82fa-d2710411a9db,34.144.206.118,United States,396982,Google LLC,-,false,false,true,false,false
https://metamask-info-deskdeskdeskdeskdeskdeskdeskinboxdeskdeskservice.net.ph,metamask-info-deskdeskdeskdeskdeskdeskdeskinboxdeskdeskservice.net.ph,metamask,2026-07-11T13:30:03.887265+00:00,2026-07-11T02:39:18.462443+00:00,25fd3271-017e-4d81-98bc-76bb80e3bd66,45.79.222.138,United States,63949,Akamai Connected Cloud,Let's Encrypt,false,false,false,false,true
https://hsbconlinebankingverification.ph,hsbconlinebankingverification.ph,hsbc,2026-07-11T13:30:03.887265+00:00,2026-07-11T04:49:26.278718+00:00,879487e0-fd66-4216-8eb0-d31c112b93f2,45.79.222.138,United States,63949,Akamai Connected Cloud,Let's Encrypt,false,false,false,false,true
https://hsbconlinebankingerror.ph,hsbconlinebankingerror.ph,hsbc,2026-07-11T13:30:03.887265+00:00,2026-07-11T04:49:38.532863+00:00,17d79fbb-8593-4f8b-9582-91f4b35ccb93,45.79.222.138,United States,63949,Akamai Connected Cloud,Let's Encrypt,false,false,false,false,true
https://metamask-info-deskdeskdeskdeskdeskdeskdeskinboxdeskdeskline.net.ph,metamask-info-deskdeskdeskdeskdeskdeskdeskinboxdeskdeskline.net.ph,metamask,2026-07-11T13:30:03.887265+00:00,2026-07-11T06:42:18.551779+00:00,4da43b9f-a969-46e6-b0ec-e0473f675b07,45.79.222.138,United States,63949,Akamai Connected Cloud,Let's Encrypt,false,false,false,false,true
https://metamask-info-deskdeskdeskdeskdeskdeskdeskinboxlinelinedesk.net.ph,metamask-info-deskdeskdeskdeskdeskdeskdeskinboxlinelinedesk.net.ph,metamask,2026-07-11T13:30:03.887265+00:00,2026-07-11T06:44:35.404867+00:00,bb88c1fe-8916-4681-8055-2778433bfcb6,45.79.222.138,United States,63949,Akamai Connected Cloud,Let's Encrypt,false,false,false,false,true
https://metamask-info-deskdeskdeskdeskdeskdeskinboxdesklinelinedesk.net.ph,metamask-info-deskdeskdeskdeskdeskdeskinboxdesklinelinedesk.net.ph,metamask,2026-07-11T13:30:03.887265+00:00,2026-07-11T06:46:28.040881+00:00,e8e44f62-bd61-4d2e-8d58-880514775046,45.79.222.138,United States,63949,Akamai Connected Cloud,Let's Encrypt,false,false,false,false,true
https://microsoftroundislandone.ngo.ph,microsoftroundislandone.ngo.ph,microsoft,2026-07-11T13:30:03.887265+00:00,2026-07-11T08:42:15.531253+00:00,32173a02-c15e-4ec7-9a9d-88bd4ca81d06,45.79.222.138,United States,63949,Akamai Connected Cloud,Let's Encrypt,false,false,false,false,true
https://help-center-coinbase-prime-business-pro-emerald-wallet-diamond.com.ph,help-center-coinbase-prime-business-pro-emerald-wallet-diamond.com.ph,coinbase,2026-07-11T13:30:03.887265+00:00,2026-07-11T12:40:25.182632+00:00,e962becb-6f61-4418-acdd-5ed9443ab470,45.79.222.138,United States,63949,Akamai Connected Cloud,Let's Encrypt,false,false,false,false,true
https://facebook-astuces-news.blogspot.com/?m=1,facebook-astuces-news.blogspot.com,facebook,2026-07-11T13:30:03.887265+00:00,2026-07-11T13:03:11.577142+00:00,be079901-cf8a-42dd-82ca-cc29d45a7d42,142.251.14.132,Germany,15169,Google LLC,-,false,true,false,false,true
https://facebook-seks-29.blogspot.com/?m=1,facebook-seks-29.blogspot.com,facebook,2026-07-11T13:30:03.887265+00:00,2026-07-11T13:03:18.994793+00:00,03c1243a-6504-4a2a-98a0-ce68c42b4fc3,142.251.110.132,Germany,15169,Google LLC,-,false,true,false,false,false
https://facebook-seks-27.blogspot.com/?m=1,facebook-seks-27.blogspot.com,facebook,2026-07-11T13:30:03.887265+00:00,2026-07-11T13:03:28.091332+00:00,194e057b-cbc4-456f-aa46-8a94af00a764,142.251.14.132,Germany,15169,Google LLC,-,false,true,false,false,true
http://facebook-system.blogspot.com,facebook-system.blogspot.com,facebook,2026-07-11T13:30:03.887265+00:00,2026-07-11T13:03:35.613375+00:00,84d069be-13aa-4361-a8d1-6da4f4ae969b,142.251.20.132,Germany,15169,Google LLC,-,false,true,false,false,false
https://facebookbigeronline.blogspot.com/?m=1,facebookbigeronline.blogspot.com,facebook,2026-07-11T13:30:03.887265+00:00,2026-07-11T13:03:37.322685+00:00,50bd3748-28fb-4d3c-b9b9-804569a6a6c4,142.251.14.132,Germany,15169,Google LLC,-,false,true,false,false,false
https://facebookloginpage1.blogspot.com,facebookloginpage1.blogspot.com,facebook,2026-07-11T13:30:03.887265+00:00,2026-07-11T13:03:40.495501+00:00,079c3257-d2a3-4a13-bf4e-54fbfc7dfb08,142.251.20.132,Germany,15169,Google LLC,-,false,true,false,false,false
https://facebookloginf.blogspot.com/?m=1,facebookloginf.blogspot.com,facebook,2026-07-11T13:30:03.887265+00:00,2026-07-11T13:04:00.240526+00:00,9a2f0c44-3d27-4619-96ba-14db85ec0138,142.251.14.132,Germany,15169,Google LLC,-,false,true,false,false,false
https://facebook-carol.blogspot.com/?m=1,facebook-carol.blogspot.com,facebook,2026-07-11T13:30:03.887265+00:00,2026-07-11T13:04:08.476092+00:00,263a7ce5-27df-45c3-95b3-dfd6c3bec3f1,142.251.13.132,Germany,15169,Google LLC,-,false,true,false,false,true
https://facebook-logo.blogspot.com/?m=1,facebook-logo.blogspot.com,facebook,2026-07-11T13:30:03.887265+00:00,2026-07-11T13:04:09.466946+00:00,193564d5-c343-43ef-b213-c67247cbe41d,142.250.154.132,Germany,15169,Google LLC,-,false,true,false,false,true
https://amazon-refund.cc,amazon-refund.cc,amazon,2026-07-11T13:30:03.887265+00:00,2026-07-11T13:04:13.842315+00:00,7af8f88c-7370-4c2f-b23c-5b938d044c6b,43.165.3.63,Germany,132203,"Tencent Building, Kejizhongyi Avenue",-,false,true,false,false,false
http://facebookcomfacebook.blogspot.com,facebookcomfacebook.blogspot.com,facebook,2026-07-11T13:30:03.887265+00:00,2026-07-11T13:04:21.391973+00:00,5a939c28-4ff9-47ab-8a45-5db3fd517b09,142.251.110.132,Germany,15169,Google LLC,-,false,true,false,false,false
